0
SECTION
2
HEADER
9
$ACADVER
1
AC1015
9
$INSUNITS
70
4
0
ENDSEC
0
SECTION
2
TABLES
0
TABLE
2
LAYER
70
1
0
LAYER
2
COPPER_L1_TOP
70
0
62
7
6
CONTINUOUS
0
ENDTAB
0
ENDSEC
0
SECTION
2
ENTITIES
0
LWPOLYLINE
100
AcDbEntity
8
COPPER_L1_TOP
100
AcDbPolyline
90
220
70
0
38
0.000000000
10
50.500000000
20
1.300000000
10
40.600000000
20
1.300000000
10
40.570083170
20
1.300372982
10
40.540184937
20
1.301491695
10
40.510323888
20
1.303355443
10
40.480518584
20
1.305963070
10
40.450787554
20
1.309312952
10
40.421149281
20
1.313403009
10
40.391622187
20
1.318230696
10
40.362224628
20
1.323793015
10
40.332974879
20
1.330086505
10
40.303891123
20
1.337107257
10
40.274991438
20
1.344850904
10
40.246293791
20
1.353312633
10
40.217816020
20
1.362487185
10
40.189575828
20
1.372368855
10
40.161590771
20
1.382951502
10
40.133878244
20
1.394228546
10
40.106455476
20
1.406192977
10
40.079339513
20
1.418837359
10
40.052547211
20
1.432153829
10
40.026095226
20
1.446134112
10
40.000000000
20
1.460769515
10
39.974277756
20
1.476050942
10
39.948944483
20
1.491968892
10
39.924015930
20
1.508513471
10
39.899507593
20
1.525674393
10
39.875434708
20
1.543440991
10
39.851812238
20
1.561802221
10
39.828654868
20
1.580746668
10
39.805976995
20
1.600262556
10
39.783792715
20
1.620337754
10
39.762115818
20
1.640959781
10
39.740959781
20
1.662115818
10
39.720337754
20
1.683792715
10
39.700262556
20
1.705976995
10
39.680746668
20
1.728654868
10
39.661802221
20
1.751812238
10
39.643440991
20
1.775434708
10
39.625674393
20
1.799507593
10
39.608513471
20
1.824015930
10
39.591968892
20
1.848944483
10
39.576050942
20
1.874277756
10
39.560769515
20
1.900000000
10
39.546134112
20
1.926095226
10
39.532153829
20
1.952547211
10
39.518837359
20
1.979339513
10
39.506192977
20
2.006455476
10
39.494228546
20
2.033878244
10
39.482951502
20
2.061590771
10
39.472368855
20
2.089575828
10
39.462487185
20
2.117816020
10
39.453312633
20
2.146293791
10
39.444850904
20
2.174991438
10
39.437107257
20
2.203891123
10
39.430086505
20
2.232974879
10
39.423793015
20
2.262224628
10
39.418230696
20
2.291622187
10
39.413403009
20
2.321149281
10
39.409312952
20
2.350787554
10
39.405963070
20
2.380518584
10
39.403355443
20
2.410323888
10
39.401491695
20
2.440184937
10
39.400372982
20
2.470083170
10
39.400000000
20
2.500000000
10
39.399605591
20
2.694477253
10
39.399211182
20
2.888948999
10
39.397366600
20
3.083398429
10
39.382343311
20
3.277254733
10
39.351661435
20
3.469283040
10
39.305513805
20
3.658219356
10
39.244195261
20
3.842818555
10
39.168100890
20
4.021862607
10
39.077723601
20
4.194168655
10
38.973651047
20
4.358596877
10
38.856561920
20
4.514058081
10
38.727221627
20
4.659520985
10
38.586477394
20
4.794019134
10
38.435252808
20
4.916657400
10
38.274541846
20
5.026618031
10
38.105402425
20
5.123166197
10
37.928949506
20
5.205655007
10
37.746347813
20
5.273529946
10
37.558804200
20
5.326332722
10
37.367559718
20
5.363704471
10
37.173881442
20
5.385388319
10
36.979053830
20
5.391323005
10
36.784078184
20
5.390928596
10
36.589108044
20
5.390534187
10
36.394143411
20
5.390139778
10
36.199184285
20
5.389745369
10
36.004230665
20
5.389350961
10
35.809282551
20
5.388956552
10
35.614339944
20
5.388562143
10
35.419402843
20
5.388167734
10
35.224471249
20
5.387773325
10
35.029545162
20
5.387378916
10
34.834624580
20
5.386984507
10
34.639709506
20
5.386590099
10
34.444799938
20
5.386195690
10
34.249895876
20
5.385801281
10
34.054997321
20
5.385406872
10
33.860104272
20
5.385012463
10
33.665216730
20
5.384618054
10
33.470334694
20
5.384223645
10
33.275458165
20
5.383829236
10
33.080587142
20
5.383434828
10
32.885721626
20
5.383040419
10
32.690861616
20
5.382646010
10
32.496007113
20
5.382251601
10
32.301158116
20
5.381857192
10
32.106314626
20
5.381462783
10
31.911476642
20
5.381068374
10
31.716644165
20
5.380673966
10
31.521817194
20
5.380279557
10
31.326995730
20
5.379885148
10
31.132179772
20
5.379490739
10
30.937369321
20
5.379096330
10
30.742564376
20
5.378701921
10
30.547764938
20
5.378307512
10
30.352971006
20
5.377913103
10
30.158182580
20
5.377518695
10
29.963399661
20
5.377124286
10
29.768622249
20
5.376729877
10
29.573850343
20
5.376335468
10
29.379083944
20
5.375941059
10
29.184323051
20
5.375546650
10
28.989567664
20
5.375152241
10
28.794817784
20
5.374757833
10
28.600073411
20
5.374363424
10
28.405334544
20
5.373969015
10
28.210601184
20
5.373574606
10
28.015873330
20
5.373180197
10
27.821150982
20
5.372785788
10
27.626434141
20
5.372391379
10
27.431722807
20
5.371996971
10
27.237016979
20
5.371602562
10
27.042316657
20
5.371208153
10
26.847621842
20
5.370813744
10
26.652932533
20
5.370419335
10
26.458248731
20
5.370024926
10
26.263570436
20
5.369630517
10
26.068897647
20
5.369236108
10
25.874230364
20
5.368841700
10
25.679568588
20
5.368447291
10
25.484912318
20
5.368052882
10
25.290261555
20
5.367658473
10
25.095616299
20
5.367264064
10
24.900976549
20
5.366869655
10
24.706342305
20
5.366475246
10
24.511713568
20
5.366080838
10
24.317090337
20
5.365686429
10
24.122472613
20
5.365292020
10
23.927860395
20
5.364897611
10
23.733253684
20
5.364503202
10
23.538652479
20
5.364108793
10
23.344056781
20
5.363714384
10
23.149466589
20
5.363319975
10
22.954881904
20
5.362925567
10
22.760302725
20
5.362531158
10
22.565729053
20
5.362136749
10
22.371160887
20
5.361742340
10
22.176598228
20
5.361347931
10
21.982041075
20
5.360953522
10
21.787489429
20
5.360559113
10
21.592943289
20
5.360164705
10
21.398402656
20
5.359770296
10
21.203867529
20
5.359375887
10
21.009337909
20
5.358981478
10
20.814813795
20
5.358587069
10
20.620295187
20
5.358192660
10
20.425782086
20
5.357798251
10
20.231274492
20
5.357403842
10
20.036772404
20
5.357009434
10
19.842275823
20
5.356615025
10
19.647784748
20
5.356220616
10
19.453299179
20
5.355826207
10
19.258819118
20
5.355431798
10
19.064344562
20
5.355037389
10
18.869875513
20
5.354642980
10
18.675411971
20
5.354248572
10
18.480953935
20
5.353854163
10
18.286501405
20
5.353459754
10
18.092054382
20
5.353065345
10
17.897612866
20
5.352670936
10
17.703176856
20
5.352276527
10
17.508746352
20
5.351882118
10
17.314321355
20
5.351487709
10
17.119901865
20
5.351093301
10
16.925487881
20
5.350698892
10
16.731079403
20
5.350304483
10
16.536676432
20
5.349910074
10
16.342278967
20
5.349515665
10
16.147887009
20
5.349121256
10
15.953500558
20
5.348726847
10
15.759119613
20
5.348332439
10
15.564744174
20
5.347938030
10
15.370374242
20
5.347543621
10
15.176009816
20
5.347149212
10
14.981650897
20
5.346754803
10
14.787297484
20
5.346360394
10
14.592949578
20
5.345965985
10
14.398607178
20
5.345571576
10
14.204270285
20
5.345177168
10
14.009938899
20
5.344782759
10
13.815613018
20
5.344388350
10
13.621292645
20
5.343993941
10
13.426977777
20
5.343599532
10
13.232668417
20
5.343205123
10
13.038364562
20
5.342810714
10
12.844066215
20
5.342416306
10
12.649773373
20
5.342021897
10
12.455486039
20
5.341627488
10
12.261204210
20
5.341233079
10
12.066927888
20
5.340838670
10
11.872657073
20
5.340444261
10
11.678391764
20
5.340049852
10
11.484131962
20
5.339655443
10
11.289877666
20
5.339261035
10
11.095628877
20
5.338866626
0
LWPOLYLINE
100
AcDbEntity
8
COPPER_L1_TOP
100
AcDbPolyline
90
220
70
0
38
0.000000000
10
11.095628877
20
5.338866626
10
10.901385594
20
5.338472217
10
10.707147817
20
5.338077808
10
10.512915548
20
5.337683399
10
10.318688784
20
5.337288990
10
10.124467527
20
5.336894581
10
9.930251777
20
5.336500173
10
9.736041533
20
5.336105764
10
9.541836796
20
5.335711355
10
9.347637565
20
5.335316946
10
9.153443840
20
5.334922537
10
8.959255622
20
5.334528128
10
8.765072911
20
5.334133719
10
8.570895706
20
5.333739310
10
8.376724007
20
5.333344902
10
8.182557815
20
5.332950493
10
7.988397130
20
5.332556084
10
7.794241951
20
5.332161675
10
7.600092278
20
5.331767266
10
7.405948112
20
5.331372857
10
7.211809452
20
5.330978448
10
7.017676299
20
5.330584040
10
6.823548653
20
5.330189631
10
6.629426513
20
5.329795222
10
6.435309879
20
5.329400813
10
6.241198752
20
5.329006404
10
6.047093131
20
5.328611995
10
5.852993017
20
5.328217586
10
5.658898410
20
5.327823177
10
5.464809309
20
5.327428769
10
5.270725714
20
5.327034360
10
5.076647626
20
5.326639951
10
4.882575044
20
5.326245542
10
4.688507969
20
5.325851133
10
4.494446400
20
5.325456724
10
4.300390338
20
5.325062315
10
4.106339782
20
5.324667907
10
3.912294733
20
5.324273498
10
3.718255190
20
5.323879089
10
3.524221154
20
5.323484680
10
3.330192624
20
5.323090271
10
3.136169601
20
5.322695862
10
2.942152084
20
5.322301453
10
2.748140074
20
5.321907045
10
2.554133570
20
5.321512636
10
2.360132573
20
5.321118227
10
2.166137082
20
5.320723818
10
1.972147098
20
5.320329409
10
1.778162620
20
5.319935000
10
1.584183648
20
5.319540591
10
1.390210184
20
5.319146182
10
1.196242225
20
5.318751774
10
1.002279773
20
5.318357365
10
0.808322828
20
5.317962956
10
0.614371389
20
5.317568547
10
0.420425457
20
5.317174138
10
0.226485031
20
5.316779729
10
0.032550111
20
5.316385320
10
-0.161379302
20
5.315990912
10
-0.355303208
20
5.315596503
10
-0.549221608
20
5.315202094
10
-0.743134502
20
5.314807685
10
-0.937041889
20
5.314413276
10
-1.130943769
20
5.314018867
10
-1.324840143
20
5.313624458
10
-1.518731011
20
5.313230049
10
-1.712616372
20
5.312835641
10
-1.906496226
20
5.312441232
10
-2.100370574
20
5.312046823
10
-2.294239416
20
5.311652414
10
-2.488102751
20
5.311258005
10
-2.681960579
20
5.310863596
10
-2.875812901
20
5.310469187
10
-3.069659717
20
5.310074779
10
-3.263501026
20
5.309680370
10
-3.457336829
20
5.309285961
10
-3.651167125
20
5.308891552
10
-3.844991914
20
5.308497143
10
-4.038811198
20
5.308102734
10
-4.232624974
20
5.307708325
10
-4.426433244
20
5.307313916
10
-4.620236008
20
5.306919508
10
-4.814033265
20
5.306525099
10
-5.007825016
20
5.306130690
10
-5.201611260
20
5.305736281
10
-5.395391998
20
5.305341872
10
-5.589167229
20
5.304947463
10
-5.782936954
20
5.304553054
10
-5.976701172
20
5.304158646
10
-6.170459884
20
5.303764237
10
-6.364213089
20
5.303369828
10
-6.557960788
20
5.302975419
10
-6.751702980
20
5.302581010
10
-6.945439666
20
5.302186601
10
-7.139170845
20
5.301792192
10
-7.332896518
20
5.301397783
10
-7.526616684
20
5.301003375
10
-7.720331344
20
5.300608966
10
-7.914040498
20
5.300214557
10
-8.107744144
20
5.299820148
10
-8.301442285
20
5.299425739
10
-8.495134919
20
5.299031330
10
-8.688822046
20
5.298636921
10
-8.882503667
20
5.298242513
10
-9.076179781
20
5.297848104
10
-9.269850389
20
5.297453695
10
-9.463515491
20
5.297059286
10
-9.657175086
20
5.296664877
10
-9.850829174
20
5.296270468
10
-10.044477756
20
5.295876059
10
-10.238120831
20
5.295481650
10
-10.431758400
20
5.295087242
10
-10.625390463
20
5.294692833
10
-10.819017019
20
5.294298424
10
-11.012638068
20
5.293904015
10
-11.206253611
20
5.293509606
10
-11.399863648
20
5.293115197
10
-11.593468178
20
5.292720788
10
-11.787067202
20
5.292326380
10
-11.980660719
20
5.291931971
10
-12.174248729
20
5.291537562
10
-12.367831233
20
5.291143153
10
-12.561408231
20
5.290748744
10
-12.754979722
20
5.290354335
10
-12.948545707
20
5.289959926
10
-13.142106185
20
5.289565517
10
-13.335661156
20
5.289171109
10
-13.529210621
20
5.288776700
10
-13.722754580
20
5.288382291
10
-13.916293032
20
5.287987882
10
-14.109825978
20
5.287593473
10
-14.303353417
20
5.287199064
10
-14.496875350
20
5.286804655
10
-14.690391776
20
5.286410247
10
-14.883902696
20
5.286015838
10
-15.077408109
20
5.285621429
10
-15.270908016
20
5.285227020
10
-15.464402416
20
5.284832611
10
-15.657891310
20
5.284438202
10
-15.851374697
20
5.284043793
10
-16.044852578
20
5.283649384
10
-16.238324952
20
5.283254976
10
-16.431791820
20
5.282860567
10
-16.625253181
20
5.282466158
10
-16.818709036
20
5.282071749
10
-17.012159384
20
5.281677340
10
-17.205604226
20
5.281282931
10
-17.399043561
20
5.280888522
10
-17.592477390
20
5.280494114
10
-17.785905712
20
5.280099705
10
-17.979328528
20
5.279705296
10
-18.172745838
20
5.279310887
10
-18.366157641
20
5.278916478
10
-18.559563937
20
5.278522069
10
-18.752964727
20
5.278127660
10
-18.946360010
20
5.277733252
10
-19.139749787
20
5.277338843
10
-19.333134058
20
5.276944434
10
-19.526512822
20
5.276550025
10
-19.719886079
20
5.276155616
10
-19.913253830
20
5.275761207
10
-20.106616075
20
5.275366798
10
-20.299972813
20
5.274972389
10
-20.493324044
20
5.274577981
10
-20.686669769
20
5.274183572
10
-20.880009988
20
5.273789163
10
-21.073344700
20
5.273394754
10
-21.266673905
20
5.273000345
10
-21.459997604
20
5.272605936
10
-21.653315797
20
5.272211527
10
-21.846628483
20
5.271817119
10
-22.039935662
20
5.271422710
10
-22.233237335
20
5.271028301
10
-22.426533502
20
5.270633892
10
-22.619824162
20
5.270239483
10
-22.813109316
20
5.269845074
10
-23.006388963
20
5.269450665
10
-23.199663104
20
5.269056256
10
-23.392931738
20
5.268661848
10
-23.586194865
20
5.268267439
10
-23.779452487
20
5.267873030
10
-23.972704601
20
5.267478621
10
-24.165951209
20
5.267084212
10
-24.359192311
20
5.266689803
10
-24.552427906
20
5.266295394
10
-24.745657995
20
5.265900986
10
-24.938882577
20
5.265506577
10
-25.132101653
20
5.265112168
10
-25.325315222
20
5.264717759
10
-25.518523285
20
5.264323350
10
-25.711725841
20
5.263928941
10
-25.904922891
20
5.263534532
10
-26.098114434
20
5.263140123
10
-26.291300471
20
5.262745715
10
-26.484481001
20
5.262351306
10
-26.677656025
20
5.261956897
10
-26.870825543
20
5.261562488
10
-27.063989553
20
5.261168079
10
-27.257148058
20
5.260773670
10
-27.450301056
20
5.260379261
10
-27.643448547
20
5.259984853
10
-27.836590532
20
5.259590444
10
-28.029727010
20
5.259196035
10
-28.222857982
20
5.258801626
10
-28.415983448
20
5.258407217
10
-28.609103407
20
5.258012808
10
-28.802217859
20
5.257618399
10
-28.995326805
20
5.257223990
10
-29.188430244
20
5.256829582
10
-29.381528177
20
5.256435173
10
-29.574620604
20
5.256040764
10
-29.767707524
20
5.255646355
10
-29.960788937
20
5.255251946
10
-30.153864844
20
5.254857537
10
-30.346935245
20
5.254463128
10
-30.540000139
20
5.254068720
10
-30.733059526
20
5.253674311
10
-30.926113407
20
5.253279902
10
-31.119161782
20
5.252885493
10
-31.312204650
20
5.252491084
0
LWPOLYLINE
100
AcDbEntity
8
COPPER_L1_TOP
100
AcDbPolyline
90
220
70
0
38
0.000000000
10
-31.312204650
20
5.252491084
10
-31.505242012
20
5.252096675
10
-31.698273867
20
5.251702266
10
-31.891300215
20
5.251307857
10
-32.084321057
20
5.250913449
10
-32.277336393
20
5.250519040
10
-32.470346222
20
5.250124631
10
-32.663350545
20
5.249730222
10
-32.856349361
20
5.249335813
10
-33.049342671
20
5.248941404
10
-33.242330474
20
5.248546995
10
-33.435312770
20
5.248152587
10
-33.628289561
20
5.247758178
10
-33.821260844
20
5.247363769
10
-34.014226621
20
5.246969360
10
-34.207186892
20
5.246574951
10
-34.400141656
20
5.246180542
10
-34.593090914
20
5.245786133
10
-34.786034665
20
5.245391724
10
-34.978972910
20
5.244997316
10
-35.171905648
20
5.244602907
10
-35.364832880
20
5.244208498
10
-35.557754605
20
5.243814089
10
-35.750670824
20
5.243419680
10
-35.943581537
20
5.243025271
10
-36.136486742
20
5.242630862
10
-36.329386442
20
5.242236454
10
-36.522280634
20
5.241842045
10
-36.715169321
20
5.241447636
10
-36.908052501
20
5.241053227
10
-37.100896046
20
5.238386009
10
-37.292960864
20
5.221026464
10
-37.482848864
20
5.187207030
10
-37.669150504
20
5.137168343
10
-37.850481073
20
5.071271708
10
-38.025491020
20
4.989996643
10
-38.192876055
20
4.893937546
10
-38.351386929
20
4.783799493
10
-38.499838837
20
4.660393202
10
-38.637120365
20
4.524629203
10
-38.762201907
20
4.377511241
10
-38.874143501
20
4.220128974
10
-38.972102011
20
4.053650009
10
-39.055337607
20
3.879311333
10
-39.123219492
20
3.698410207
10
-39.175230821
20
3.512294586
10
-39.210972790
20
3.322353134
10
-39.230167842
20
3.130004908
10
-39.233559458
20
2.936680308
10
-39.233165050
20
2.743287722
10
-39.232770641
20
2.549900643
10
-39.232376232
20
2.356519070
10
-39.231981823
20
2.163143003
10
-39.231587414
20
1.969772443
10
-39.231193005
20
1.776407389
10
-39.230798596
20
1.583047842
10
-39.230404188
20
1.389693802
10
-39.230009779
20
1.196345267
10
-39.229615370
20
1.003002240
10
-39.229220961
20
0.809664719
10
-39.228826552
20
0.616332704
10
-39.228432143
20
0.423006196
10
-39.228037734
20
0.229685194
10
-39.227643326
20
0.036369699
10
-39.227248917
20
-0.156940290
10
-39.226854508
20
-0.350244772
10
-39.226460099
20
-0.543543748
10
-39.226065690
20
-0.736837217
10
-39.225671281
20
-0.930125180
10
-39.225276872
20
-1.123407636
10
-39.224882463
20
-1.316684586
10
-39.224488055
20
-1.509956029
10
-39.224093646
20
-1.703221966
10
-39.223699237
20
-1.896482396
10
-39.223304828
20
-2.089737320
10
-39.222910419
20
-2.282986737
10
-39.222516010
20
-2.476230648
10
-39.222121601
20
-2.669469052
10
-39.221727193
20
-2.862701950
10
-39.220628718
20
-3.055923432
10
-39.206977776
20
-3.248628961
10
-39.176626177
20
-3.439447368
10
-39.129793334
20
-3.626932540
10
-39.066823826
20
-3.809661775
10
-38.988185029
20
-3.986246613
10
-38.894463806
20
-4.155343440
10
-38.786362282
20
-4.315663775
10
-38.664692732
20
-4.465984170
10
-38.530371619
20
-4.605155632
10
-38.384412821
20
-4.732112515
10
-38.227920106
20
-4.845880787
10
-38.062078891
20
-4.945585631
10
-37.888147368
20
-5.030458306
10
-37.707447047
20
-5.099842215
10
-37.521352792
20
-5.153198134
10
-37.331282421
20
-5.190108556
10
-37.138685958
20
-5.210281123
10
-36.945028953
20
-5.214233424
10
-36.751286649
20
-5.213839015
10
-36.557549851
20
-5.213444606
10
-36.363818560
20
-5.213050197
10
-36.170092776
20
-5.212655789
10
-35.976372498
20
-5.212261380
10
-35.782657726
20
-5.211866971
10
-35.588948461
20
-5.211472562
10
-35.395244702
20
-5.211078153
10
-35.201546450
20
-5.210683744
10
-35.007853705
20
-5.210289335
10
-34.814166465
20
-5.209894927
10
-34.620484733
20
-5.209500518
10
-34.426808507
20
-5.209106109
10
-34.233137787
20
-5.208711700
10
-34.039472574
20
-5.208317291
10
-33.845812867
20
-5.207922882
10
-33.652158667
20
-5.207528473
10
-33.458509973
20
-5.207134064
10
-33.264866786
20
-5.206739656
10
-33.071229105
20
-5.206345247
10
-32.877596931
20
-5.205950838
10
-32.683970263
20
-5.205556429
10
-32.490349102
20
-5.205162020
10
-32.296733447
20
-5.204767611
10
-32.103123299
20
-5.204373202
10
-31.909518657
20
-5.203978794
10
-31.715919522
20
-5.203584385
10
-31.522325893
20
-5.203189976
10
-31.328737771
20
-5.202795567
10
-31.135155155
20
-5.202401158
10
-30.941578045
20
-5.202006749
10
-30.748006442
20
-5.201612340
10
-30.554440346
20
-5.201217931
10
-30.360879756
20
-5.200823523
10
-30.167324673
20
-5.200429114
10
-29.973775096
20
-5.200034705
10
-29.780231026
20
-5.199640296
10
-29.586692462
20
-5.199245887
10
-29.393159404
20
-5.198851478
10
-29.199631853
20
-5.198457069
10
-29.006109809
20
-5.198062661
10
-28.812593271
20
-5.197668252
10
-28.619082239
20
-5.197273843
10
-28.425576714
20
-5.196879434
10
-28.232076696
20
-5.196485025
10
-28.038582184
20
-5.196090616
10
-27.845093178
20
-5.195696207
10
-27.651609679
20
-5.195301798
10
-27.458131687
20
-5.194907390
10
-27.264659201
20
-5.194512981
10
-27.071192221
20
-5.194118572
10
-26.877730748
20
-5.193724163
10
-26.684274782
20
-5.193329754
10
-26.490824322
20
-5.192935345
10
-26.297379368
20
-5.192540936
10
-26.103939921
20
-5.192146528
10
-25.910505980
20
-5.191752119
10
-25.717077546
20
-5.191357710
10
-25.523654619
20
-5.190963301
10
-25.330237197
20
-5.190568892
10
-25.136825283
20
-5.190174483
10
-24.943418875
20
-5.189780074
10
-24.750017973
20
-5.189385665
10
-24.556622578
20
-5.188991257
10
-24.363232689
20
-5.188596848
10
-24.169848307
20
-5.188202439
10
-23.976469431
20
-5.187808030
10
-23.783096062
20
-5.187413621
10
-23.589728199
20
-5.187019212
10
-23.396365843
20
-5.186624803
10
-23.203008993
20
-5.186230395
10
-23.009657650
20
-5.185835986
10
-22.816311813
20
-5.185441577
10
-22.622971483
20
-5.185047168
10
-22.429636659
20
-5.184652759
10
-22.236307342
20
-5.184258350
10
-22.042983531
20
-5.183863941
10
-21.849665227
20
-5.183469532
10
-21.656352429
20
-5.183075124
10
-21.463045137
20
-5.182680715
10
-21.269743353
20
-5.182286306
10
-21.076447074
20
-5.181891897
10
-20.883156302
20
-5.181497488
10
-20.689871037
20
-5.181103079
10
-20.496591278
20
-5.180708670
10
-20.303317026
20
-5.180314262
10
-20.110048280
20
-5.179919853
10
-19.916785040
20
-5.179525444
10
-19.723527307
20
-5.179131035
10
-19.530275081
20
-5.178736626
10
-19.337028361
20
-5.178342217
10
-19.143787148
20
-5.177947808
10
-18.950551441
20
-5.177553400
10
-18.757321240
20
-5.177158991
10
-18.564096546
20
-5.176764582
10
-18.370877359
20
-5.176370173
10
-18.177663678
20
-5.175975764
10
-17.984455503
20
-5.175581355
10
-17.791252835
20
-5.175186946
10
-17.598055674
20
-5.174792537
10
-17.404864018
20
-5.174398129
10
-17.211677870
20
-5.174003720
10
-17.018497228
20
-5.173609311
10
-16.825322092
20
-5.173214902
10
-16.632152463
20
-5.172820493
10
-16.438988341
20
-5.172426084
10
-16.245829724
20
-5.172031675
10
-16.052676615
20
-5.171637267
10
-15.859529012
20
-5.171242858
10
-15.666386915
20
-5.170848449
10
-15.473250325
20
-5.170454040
10
-15.280119241
20
-5.170059631
10
-15.086993664
20
-5.169665222
10
-14.893873593
20
-5.169270813
10
-14.700759029
20
-5.168876404
10
-14.507649971
20
-5.168481996
10
-14.314546420
20
-5.168087587
10
-14.121448376
20
-5.167693178
10
-13.928355837
20
-5.167298769
10
-13.735268806
20
-5.166904360
10
-13.542187280
20
-5.166509951
10
-13.349111262
20
-5.166115542
0
LWPOLYLINE
100
AcDbEntity
8
COPPER_L1_TOP
100
AcDbPolyline
90
220
70
0
38
0.000000000
10
-13.349111262
20
-5.166115542
10
-13.156040749
20
-5.165721134
10
-12.962975743
20
-5.165326725
10
-12.769916244
20
-5.164932316
10
-12.576862251
20
-5.164537907
10
-12.383813765
20
-5.164143498
10
-12.190770785
20
-5.163749089
10
-11.997733312
20
-5.163354680
10
-11.804701345
20
-5.162960271
10
-11.611674885
20
-5.162565863
10
-11.418653931
20
-5.162171454
10
-11.225638483
20
-5.161777045
10
-11.032628543
20
-5.161382636
10
-10.839624108
20
-5.160988227
10
-10.646625180
20
-5.160593818
10
-10.453631759
20
-5.160199409
10
-10.260643844
20
-5.159805001
10
-10.067661435
20
-5.159410592
10
-9.874684534
20
-5.159016183
10
-9.681713138
20
-5.158621774
10
-9.488747249
20
-5.158227365
10
-9.295786867
20
-5.157832956
10
-9.102831991
20
-5.157438547
10
-8.909882621
20
-5.157044138
10
-8.716938758
20
-5.156649730
10
-8.524000402
20
-5.156255321
10
-8.331067552
20
-5.155860912
10
-8.138140208
20
-5.155466503
10
-7.945218371
20
-5.155072094
10
-7.752302040
20
-5.154677685
10
-7.559391216
20
-5.154283276
10
-7.366485899
20
-5.153888868
10
-7.173586088
20
-5.153494459
10
-6.980691783
20
-5.153100050
10
-6.787802985
20
-5.152705641
10
-6.594919693
20
-5.152311232
10
-6.402041908
20
-5.151916823
10
-6.209169630
20
-5.151522414
10
-6.016302858
20
-5.151128005
10
-5.823441592
20
-5.150733597
10
-5.630585833
20
-5.150339188
10
-5.437735580
20
-5.149944779
10
-5.244890834
20
-5.149550370
10
-5.052051594
20
-5.149155961
10
-4.859217861
20
-5.148761552
10
-4.666389634
20
-5.148367143
10
-4.473566914
20
-5.147972735
10
-4.280749700
20
-5.147578326
10
-4.087937993
20
-5.147183917
10
-3.895131792
20
-5.146789508
10
-3.702331098
20
-5.146395099
10
-3.509535910
20
-5.146000690
10
-3.316746229
20
-5.145606281
10
-3.123962054
20
-5.145211872
10
-2.931183386
20
-5.144817464
10
-2.738410224
20
-5.144423055
10
-2.545642569
20
-5.144028646
10
-2.352880420
20
-5.143634237
10
-2.160123777
20
-5.143239828
10
-1.967372642
20
-5.142845419
10
-1.774627012
20
-5.142451010
10
-1.581886889
20
-5.142056602
10
-1.389152273
20
-5.141662193
10
-1.196423163
20
-5.141267784
10
-1.003699560
20
-5.140873375
10
-0.810981463
20
-5.140478966
10
-0.618268872
20
-5.140084557
10
-0.425561788
20
-5.139690148
10
-0.232860211
20
-5.139295739
10
-0.040164140
20
-5.138901331
10
0.152526425
20
-5.138506922
10
0.345211483
20
-5.138112513
10
0.537891034
20
-5.137718104
10
0.730565079
20
-5.137323695
10
0.923233618
20
-5.136929286
10
1.115896650
20
-5.136534877
10
1.308554175
20
-5.136140469
10
1.501206194
20
-5.135746060
10
1.693852707
20
-5.135351651
10
1.886493713
20
-5.134957242
10
2.079129212
20
-5.134562833
10
2.271759205
20
-5.134168424
10
2.464383692
20
-5.133774015
10
2.657002672
20
-5.133379607
10
2.849616146
20
-5.132985198
10
3.042224113
20
-5.132590789
10
3.234826573
20
-5.132196380
10
3.427423528
20
-5.131801971
10
3.620014975
20
-5.131407562
10
3.812600916
20
-5.131013153
10
4.005181351
20
-5.130618744
10
4.197756279
20
-5.130224336
10
4.390325701
20
-5.129829927
10
4.582889616
20
-5.129435518
10
4.775448025
20
-5.129041109
10
4.968000927
20
-5.128646700
10
5.160548323
20
-5.128252291
10
5.353090212
20
-5.127857882
10
5.545626595
20
-5.127463474
10
5.738157471
20
-5.127069065
10
5.930682841
20
-5.126674656
10
6.123202704
20
-5.126280247
10
6.315717061
20
-5.125885838
10
6.508225911
20
-5.125491429
10
6.700729255
20
-5.125097020
10
6.893227092
20
-5.124702611
10
7.085719423
20
-5.124308203
10
7.278206247
20
-5.123913794
10
7.470687565
20
-5.123519385
10
7.663163377
20
-5.123124976
10
7.855633682
20
-5.122730567
10
8.048098480
20
-5.122336158
10
8.240557772
20
-5.121941749
10
8.433011557
20
-5.121547341
10
8.625459836
20
-5.121152932
10
8.817902609
20
-5.120758523
10
9.010339875
20
-5.120364114
10
9.202771634
20
-5.119969705
10
9.395197887
20
-5.119575296
10
9.587618633
20
-5.119180887
10
9.780033873
20
-5.118786478
10
9.972443607
20
-5.118392070
10
10.164847834
20
-5.117997661
10
10.357246554
20
-5.117603252
10
10.549639768
20
-5.117208843
10
10.742027476
20
-5.116814434
10
10.934409677
20
-5.116420025
10
11.126786371
20
-5.116025616
10
11.319157559
20
-5.115631208
10
11.511523241
20
-5.115236799
10
11.703883416
20
-5.114842390
10
11.896238085
20
-5.114447981
10
12.088587247
20
-5.114053572
10
12.280930902
20
-5.113659163
10
12.473269052
20
-5.113264754
10
12.665601694
20
-5.112870345
10
12.857928830
20
-5.112475937
10
13.050250460
20
-5.112081528
10
13.242566583
20
-5.111687119
10
13.434877200
20
-5.111292710
10
13.627182310
20
-5.110898301
10
13.819481914
20
-5.110503892
10
14.011776011
20
-5.110109483
10
14.204064602
20
-5.109715075
10
14.396347686
20
-5.109320666
10
14.588625263
20
-5.108926257
10
14.780897335
20
-5.108531848
10
14.973163899
20
-5.108137439
10
15.165424958
20
-5.107743030
10
15.357680509
20
-5.107348621
10
15.549930555
20
-5.106954212
10
15.742175094
20
-5.106559804
10
15.934414126
20
-5.106165395
10
16.126647652
20
-5.105770986
10
16.318875671
20
-5.105376577
10
16.511098184
20
-5.104982168
10
16.703315190
20
-5.104587759
10
16.895526690
20
-5.104193350
10
17.087732683
20
-5.103798942
10
17.279933170
20
-5.103404533
10
17.472128151
20
-5.103010124
10
17.664317624
20
-5.102615715
10
17.856501592
20
-5.102221306
10
18.048680053
20
-5.101826897
10
18.240853007
20
-5.101432488
10
18.433020455
20
-5.101038079
10
18.625182396
20
-5.100643671
10
18.817338831
20
-5.100249262
10
19.009489760
20
-5.099854853
10
19.201635182
20
-5.099460444
10
19.393775097
20
-5.099066035
10
19.585909506
20
-5.098671626
10
19.778038409
20
-5.098277217
10
19.970161805
20
-5.097882809
10
20.162279694
20
-5.097488400
10
20.354392077
20
-5.097093991
10
20.546498954
20
-5.096699582
10
20.738600324
20
-5.096305173
10
20.930696188
20
-5.095910764
10
21.122786545
20
-5.095516355
10
21.314871395
20
-5.095121946
10
21.506950739
20
-5.094727538
10
21.699024577
20
-5.094333129
10
21.891092908
20
-5.093938720
10
22.083155733
20
-5.093544311
10
22.275213051
20
-5.093149902
10
22.467264862
20
-5.092755493
10
22.659311167
20
-5.092361084
10
22.851351966
20
-5.091966676
10
23.043387258
20
-5.091572267
10
23.235417044
20
-5.091177858
10
23.427441323
20
-5.090783449
10
23.619460096
20
-5.090389040
10
23.811473362
20
-5.089994631
10
24.003481122
20
-5.089600222
10
24.195483375
20
-5.089205813
10
24.387480122
20
-5.088811405
10
24.579471362
20
-5.088416996
10
24.771457096
20
-5.088022587
10
24.963437323
20
-5.087628178
10
25.155412044
20
-5.087233769
10
25.347381258
20
-5.086839360
10
25.539344966
20
-5.086444951
10
25.731303167
20
-5.086050543
10
25.923255862
20
-5.085656134
10
26.115203050
20
-5.085261725
10
26.307144732
20
-5.084867316
10
26.499080908
20
-5.084472907
10
26.691011576
20
-5.084078498
10
26.882936739
20
-5.083684089
10
27.074856395
20
-5.083289681
10
27.266770544
20
-5.082895272
10
27.458679187
20
-5.082500863
10
27.650582323
20
-5.082106454
10
27.842479953
20
-5.081712045
10
28.034372077
20
-5.081317636
10
28.226258694
20
-5.080923227
10
28.418139804
20
-5.080528818
10
28.610015408
20
-5.080134410
10
28.801885506
20
-5.079740001
0
LWPOLYLINE
100
AcDbEntity
8
COPPER_L1_TOP
100
AcDbPolyline
90
220
70
0
38
0.000000000
10
28.801885506
20
-5.079740001
10
28.993750097
20
-5.079345592
10
29.185609181
20
-5.078951183
10
29.377462759
20
-5.078556774
10
29.569310831
20
-5.078162365
10
29.761153396
20
-5.077767956
10
29.952990454
20
-5.077373548
10
30.144822006
20
-5.076979139
10
30.336648052
20
-5.076584730
10
30.528468591
20
-5.076190321
10
30.720283623
20
-5.075795912
10
30.912093149
20
-5.075401503
10
31.103897169
20
-5.075007094
10
31.295695682
20
-5.074612685
10
31.487488689
20
-5.074218277
10
31.679276189
20
-5.073823868
10
31.871058182
20
-5.073429459
10
32.062834670
20
-5.073035050
10
32.254605650
20
-5.072640641
10
32.446371124
20
-5.072246232
10
32.638131092
20
-5.071851823
10
32.829885553
20
-5.071457415
10
33.021634508
20
-5.071063006
10
33.213377956
20
-5.070668597
10
33.405115898
20
-5.070274188
10
33.596848333
20
-5.069879779
10
33.788575262
20
-5.069485370
10
33.980296684
20
-5.069090961
10
34.172012600
20
-5.068696552
10
34.363723009
20
-5.068302144
10
34.555427912
20
-5.067907735
10
34.747127308
20
-5.067513326
10
34.938821198
20
-5.067118917
10
35.130509581
20
-5.066724508
10
35.322192458
20
-5.066330099
10
35.513869828
20
-5.065935690
10
35.705541692
20
-5.065541282
10
35.897208050
20
-5.065146873
10
36.088868900
20
-5.064752464
10
36.280524245
20
-5.064358055
10
36.472174083
20
-5.063963646
10
36.663818414
20
-5.063569237
10
36.855457239
20
-5.063174828
10
37.047086467
20
-5.062242935
10
37.238185678
20
-5.048585766
10
37.427223463
20
-5.017247996
10
37.612565722
20
-4.968488309
10
37.792608032
20
-4.902716328
10
37.965789589
20
-4.820489392
10
38.130606811
20
-4.722508041
10
38.285626476
20
-4.609610245
10
38.429498304
20
-4.482764429
10
38.560966833
20
-4.343061348
10
38.678882526
20
-4.191704871
10
38.782211971
20
-4.030001765
10
38.870047114
20
-3.859350545
10
38.941613416
20
-3.681229505
10
38.996276883
20
-3.497184017
10
39.033549876
20
-3.308813203
10
39.053095676
20
-3.117756115
10
39.056075469
20
-2.925661317
10
39.055681060
20
-2.733507579
10
39.055286651
20
-2.541359348
10
39.054892242
20
-2.349216623
10
39.054497833
20
-2.157079405
10
39.054103424
20
-1.964947694
10
39.053709016
20
-1.772821489
10
39.053314607
20
-1.580700790
10
39.052920198
20
-1.388585598
10
39.052525789
20
-1.196475912
10
39.052131380
20
-1.004371733
10
39.051736971
20
-0.812273060
10
39.051342562
20
-0.620179894
10
39.050948153
20
-0.428092234
10
39.050553745
20
-0.236010081
10
39.050159336
20
-0.043933434
10
39.049764927
20
0.148137706
10
39.049370518
20
0.340203340
10
39.048976109
20
0.532263467
10
39.048581700
20
0.724318088
10
39.048187291
20
0.916367202
10
39.047792883
20
1.108410810
10
39.047398474
20
1.300448911
10
39.047004065
20
1.492481506
10
39.046609656
20
1.684508594
10
39.046215247
20
1.876530176
10
39.045820838
20
2.068546251
10
39.045426429
20
2.260556820
10
39.045032020
20
2.452561882
10
39.044637612
20
2.644561438
10
39.044243203
20
2.836555488
10
39.043649477
20
3.028543103
10
39.031566425
20
3.220099256
10
39.001557825
20
3.409707628
10
38.953876375
20
3.595692648
10
38.888931298
20
3.776408420
10
38.807285051
20
3.950253337
10
38.709648669
20
4.115684353
10
38.596875788
20
4.271230767
10
38.469955376
20
4.415507417
10
38.330003251
20
4.547227141
10
38.178252448
20
4.665212411
10
38.016042514
20
4.768406022
10
37.844807826
20
4.855880745
10
37.666065038
20
4.926847849
10
37.481399754
20
4.980664414
10
37.292452553
20
5.016839368
10
37.100904478
20
5.035038185
10
36.908431299
20
5.037143843
10
36.715922337
20
5.036749434
10
36.523418882
20
5.036355025
10
36.330920933
20
5.035960617
10
36.138428490
20
5.035566208
10
35.945941554
20
5.035171799
10
35.753460124
20
5.034777390
10
35.560984201
20
5.034382981
10
35.368513785
20
5.033988572
10
35.176048874
20
5.033594163
10
34.983589471
20
5.033199755
10
34.791135574
20
5.032805346
10
34.598687183
20
5.032410937
10
34.406244299
20
5.032016528
10
34.213806921
20
5.031622119
10
34.021375050
20
5.031227710
10
33.828948685
20
5.030833301
10
33.636527827
20
5.030438892
10
33.444112475
20
5.030044484
10
33.251702630
20
5.029650075
10
33.059298291
20
5.029255666
10
32.866899459
20
5.028861257
10
32.674506133
20
5.028466848
10
32.482118314
20
5.028072439
10
32.289736001
20
5.027678030
10
32.097359195
20
5.027283622
10
31.904987895
20
5.026889213
10
31.712622102
20
5.026494804
10
31.520261815
20
5.026100395
10
31.327907034
20
5.025705986
10
31.135557761
20
5.025311577
10
30.943213993
20
5.024917168
10
30.750875732
20
5.024522759
10
30.558542978
20
5.024128351
10
30.366215730
20
5.023733942
10
30.173893989
20
5.023339533
10
29.981577754
20
5.022945124
10
29.789267025
20
5.022550715
10
29.596961803
20
5.022156306
10
29.404662088
20
5.021761897
10
29.212367879
20
5.021367489
10
29.020079177
20
5.020973080
10
28.827795981
20
5.020578671
10
28.635518291
20
5.020184262
10
28.443246108
20
5.019789853
10
28.250979432
20
5.019395444
10
28.058718262
20
5.019001035
10
27.866462598
20
5.018606626
10
27.674212441
20
5.018212218
10
27.481967790
20
5.017817809
10
27.289728646
20
5.017423400
10
27.097495009
20
5.017028991
10
26.905266878
20
5.016634582
10
26.713044253
20
5.016240173
10
26.520827135
20
5.015845764
10
26.328615523
20
5.015451356
10
26.136409418
20
5.015056947
10
25.944208820
20
5.014662538
10
25.752013728
20
5.014268129
10
25.559824142
20
5.013873720
10
25.367640063
20
5.013479311
10
25.175461490
20
5.013084902
10
24.983288424
20
5.012690493
10
24.791120864
20
5.012296085
10
24.598958811
20
5.011901676
10
24.406802264
20
5.011507267
10
24.214651224
20
5.011112858
10
24.022505690
20
5.010718449
10
23.830365663
20
5.010324040
10
23.638231142
20
5.009929631
10
23.446102128
20
5.009535223
10
23.253978620
20
5.009140814
10
23.061860619
20
5.008746405
10
22.869748124
20
5.008351996
10
22.677641136
20
5.007957587
10
22.485539654
20
5.007563178
10
22.293443679
20
5.007168769
10
22.101353210
20
5.006774360
10
21.909268248
20
5.006379952
10
21.717188792
20
5.005985543
10
21.525114842
20
5.005591134
10
21.333046400
20
5.005196725
10
21.140983463
20
5.004802316
10
20.948926033
20
5.004407907
10
20.756874110
20
5.004013498
10
20.564827693
20
5.003619090
10
20.372786783
20
5.003224681
10
20.180751379
20
5.002830272
10
19.988721481
20
5.002435863
10
19.796697090
20
5.002041454
10
19.604678206
20
5.001647045
10
19.412664828
20
5.001252636
10
19.220656956
20
5.000858227
10
19.028654591
20
5.000463819
10
18.836657733
20
5.000069410
10
18.644666381
20
4.999675001
10
18.452680535
20
4.999280592
10
18.260700196
20
4.998886183
10
18.068725364
20
4.998491774
10
17.876756038
20
4.998097365
10
17.684792218
20
4.997702957
10
17.492833905
20
4.997308548
10
17.300881098
20
4.996914139
10
17.108933798
20
4.996519730
10
16.916992005
20
4.996125321
10
16.725055718
20
4.995730912
10
16.533124937
20
4.995336503
10
16.341199663
20
4.994942094
10
16.149279895
20
4.994547686
10
15.957365634
20
4.994153277
10
15.765456879
20
4.993758868
10
15.573553631
20
4.993364459
0
LWPOLYLINE
100
AcDbEntity
8
COPPER_L1_TOP
100
AcDbPolyline
90
220
70
0
38
0.000000000
10
15.573553631
20
4.993364459
10
15.381655890
20
4.992970050
10
15.189763654
20
4.992575641
10
14.997876926
20
4.992181232
10
14.805995703
20
4.991786824
10
14.614119988
20
4.991392415
10
14.422249779
20
4.990998006
10
14.230385076
20
4.990603597
10
14.038525880
20
4.990209188
10
13.846672190
20
4.989814779
10
13.654824006
20
4.989420370
10
13.462981330
20
4.989025962
10
13.271144159
20
4.988631553
10
13.079312496
20
4.988237144
10
12.887486338
20
4.987842735
10
12.695665687
20
4.987448326
10
12.503850543
20
4.987053917
10
12.312040905
20
4.986659508
10
12.120236774
20
4.986265099
10
11.928438149
20
4.985870691
10
11.736645031
20
4.985476282
10
11.544857419
20
4.985081873
10
11.353075313
20
4.984687464
10
11.161298715
20
4.984293055
10
10.969527622
20
4.983898646
10
10.777762036
20
4.983504237
10
10.586001957
20
4.983109829
10
10.394247384
20
4.982715420
10
10.202498317
20
4.982321011
10
10.010754757
20
4.981926602
10
9.819016704
20
4.981532193
10
9.627284157
20
4.981137784
10
9.435557116
20
4.980743375
10
9.243835582
20
4.980348966
10
9.052119555
20
4.979954558
10
8.860409034
20
4.979560149
10
8.668704019
20
4.979165740
10
8.477004511
20
4.978771331
10
8.285310510
20
4.978376922
10
8.093622015
20
4.977982513
10
7.901939026
20
4.977588104
10
7.710261544
20
4.977193696
10
7.518589568
20
4.976799287
10
7.326923099
20
4.976404878
10
7.135262137
20
4.976010469
10
6.943606681
20
4.975616060
10
6.751956731
20
4.975221651
10
6.560312288
20
4.974827242
10
6.368673351
20
4.974432833
10
6.177039921
20
4.974038425
10
5.985411997
20
4.973644016
10
5.793789580
20
4.973249607
10
5.602172669
20
4.972855198
10
5.410561265
20
4.972460789
10
5.218955368
20
4.972066380
10
5.027354976
20
4.971671971
10
4.835760092
20
4.971277563
10
4.644170713
20
4.970883154
10
4.452586842
20
4.970488745
10
4.261008476
20
4.970094336
10
4.069435617
20
4.969699927
10
3.877868265
20
4.969305518
10
3.686306419
20
4.968911109
10
3.494750080
20
4.968516700
10
3.303199247
20
4.968122292
10
3.111653921
20
4.967727883
10
2.920114101
20
4.967333474
10
2.728579788
20
4.966939065
10
2.537050981
20
4.966544656
10
2.345527681
20
4.966150247
10
2.154009887
20
4.965755838
10
1.962497599
20
4.965361430
10
1.770990818
20
4.964967021
10
1.579489544
20
4.964572612
10
1.387993776
20
4.964178203
10
1.196503515
20
4.963783794
10
1.005018760
20
4.963389385
10
0.813539511
20
4.962994976
10
0.622065769
20
4.962600567
10
0.430597534
20
4.962206159
10
0.239134805
20
4.961811750
10
0.047677582
20
4.961417341
10
-0.143774134
20
4.961022932
10
-0.335220343
20
4.960628523
10
-0.526661046
20
4.960234114
10
-0.718096243
20
4.959839705
10
-0.909525933
20
4.959445297
10
-1.100950116
20
4.959050888
10
-1.292368793
20
4.958656479
10
-1.483781964
20
4.958262070
10
-1.675189628
20
4.957867661
10
-1.866591786
20
4.957473252
10
-2.057988437
20
4.957078843
10
-2.249379581
20
4.956684434
10
-2.440765219
20
4.956290026
10
-2.632145351
20
4.955895617
10
-2.823519976
20
4.955501208
10
-3.014889095
20
4.955106799
10
-3.206252707
20
4.954712390
10
-3.397610813
20
4.954317981
10
-3.588963412
20
4.953923572
10
-3.780310505
20
4.953529164
10
-3.971652091
20
4.953134755
10
-4.162988170
20
4.952740346
10
-4.354318744
20
4.952345937
10
-4.545643810
20
4.951951528
10
-4.736963371
20
4.951557119
10
-4.928277424
20
4.951162710
10
-5.119585972
20
4.950768301
10
-5.310889012
20
4.950373893
10
-5.502186547
20
4.949979484
10
-5.693478574
20
4.949585075
10
-5.884765096
20
4.949190666
10
-6.076046111
20
4.948796257
10
-6.267321619
20
4.948401848
10
-6.458591621
20
4.948007439
10
-6.649856116
20
4.947613031
10
-6.841115105
20
4.947218622
10
-7.032368587
20
4.946824213
10
-7.223616563
20
4.946429804
10
-7.414859033
20
4.946035395
10
-7.606095995
20
4.945640986
10
-7.797327452
20
4.945246577
10
-7.988553402
20
4.944852168
10
-8.179773845
20
4.944457760
10
-8.370988782
20
4.944063351
10
-8.562198213
20
4.943668942
10
-8.753402136
20
4.943274533
10
-8.944600554
20
4.942880124
10
-9.135793465
20
4.942485715
10
-9.326980869
20
4.942091306
10
-9.518162767
20
4.941696898
10
-9.709339159
20
4.941302489
10
-9.900510044
20
4.940908080
10
-10.091675422
20
4.940513671
10
-10.282835294
20
4.940119262
10
-10.473989660
20
4.939724853
10
-10.665138519
20
4.939330444
10
-10.856281872
20
4.938936036
10
-11.047419718
20
4.938541627
10
-11.238552057
20
4.938147218
10
-11.429678890
20
4.937752809
10
-11.620800217
20
4.937358400
10
-11.811916037
20
4.936963991
10
-12.003026351
20
4.936569582
10
-12.194131158
20
4.936175173
10
-12.385230458
20
4.935780765
10
-12.576324253
20
4.935386356
10
-12.767412540
20
4.934991947
10
-12.958495321
20
4.934597538
10
-13.149572596
20
4.934203129
10
-13.340644364
20
4.933808720
10
-13.531710626
20
4.933414311
10
-13.722771381
20
4.933019903
10
-13.913826630
20
4.932625494
10
-14.104876372
20
4.932231085
10
-14.295920608
20
4.931836676
10
-14.486959337
20
4.931442267
10
-14.677992560
20
4.931047858
10
-14.869020276
20
4.930653449
10
-15.060042486
20
4.930259040
10
-15.251059189
20
4.929864632
10
-15.442070386
20
4.929470223
10
-15.633076076
20
4.929075814
10
-15.824076260
20
4.928681405
10
-16.015070938
20
4.928286996
10
-16.206060108
20
4.927892587
10
-16.397043773
20
4.927498178
10
-16.588021931
20
4.927103770
10
-16.778994582
20
4.926709361
10
-16.969961727
20
4.926314952
10
-17.160923365
20
4.925920543
10
-17.351879497
20
4.925526134
10
-17.542830123
20
4.925131725
10
-17.733775242
20
4.924737316
10
-17.924714854
20
4.924342907
10
-18.115648960
20
4.923948499
10
-18.306577559
20
4.923554090
10
-18.497500652
20
4.923159681
10
-18.688418239
20
4.922765272
10
-18.879330319
20
4.922370863
10
-19.070236892
20
4.921976454
10
-19.261137959
20
4.921582045
10
-19.452033520
20
4.921187637
10
-19.642923574
20
4.920793228
10
-19.833808121
20
4.920398819
10
-20.024687162
20
4.920004410
10
-20.215560697
20
4.919610001
10
-20.406428725
20
4.919215592
10
-20.597291247
20
4.918821183
10
-20.788148262
20
4.918426774
10
-20.978999770
20
4.918032366
10
-21.169845772
20
4.917637957
10
-21.360686268
20
4.917243548
10
-21.551521257
20
4.916849139
10
-21.742350740
20
4.916454730
10
-21.933174716
20
4.916060321
10
-22.123993186
20
4.915665912
10
-22.314806149
20
4.915271504
10
-22.505613605
20
4.914877095
10
-22.696415556
20
4.914482686
10
-22.887211999
20
4.914088277
10
-23.078002937
20
4.913693868
10
-23.268788367
20
4.913299459
10
-23.459568291
20
4.912905050
10
-23.650342709
20
4.912510641
10
-23.841111620
20
4.912116233
10
-24.031875025
20
4.911721824
10
-24.222632924
20
4.911327415
10
-24.413385315
20
4.910933006
10
-24.604132201
20
4.910538597
10
-24.794873579
20
4.910144188
10
-24.985609452
20
4.909749779
10
-25.176339817
20
4.909355371
10
-25.367064677
20
4.908960962
10
-25.557784030
20
4.908566553
10
-25.748497876
20
4.908172144
10
-25.939206216
20
4.907777735
10
-26.129909049
20
4.907383326
10
-26.320606376
20
4.906988917
0
LWPOLYLINE
100
AcDbEntity
8
COPPER_L1_TOP
100
AcDbPolyline
90
220
70
0
38
0.000000000
10
-26.320606376
20
4.906988917
10
-26.511298196
20
4.906594508
10
-26.701984510
20
4.906200100
10
-26.892665318
20
4.905805691
10
-27.083340619
20
4.905411282
10
-27.274010413
20
4.905016873
10
-27.464674701
20
4.904622464
10
-27.655333483
20
4.904228055
10
-27.845986757
20
4.903833646
10
-28.036634526
20
4.903439238
10
-28.227276788
20
4.903044829
10
-28.417913543
20
4.902650420
10
-28.608544792
20
4.902256011
10
-28.799170535
20
4.901861602
10
-28.989790771
20
4.901467193
10
-29.180405500
20
4.901072784
10
-29.371014724
20
4.900678375
10
-29.561618440
20
4.900283967
10
-29.752216650
20
4.899889558
10
-29.942809354
20
4.899495149
10
-30.133396551
20
4.899100740
10
-30.323978241
20
4.898706331
10
-30.514554425
20
4.898311922
10
-30.705125103
20
4.897917513
10
-30.895690274
20
4.897523105
10
-31.086249939
20
4.897128696
10
-31.276804097
20
4.896734287
10
-31.467352749
20
4.896339878
10
-31.657895894
20
4.895945469
10
-31.848433532
20
4.895551060
10
-32.038965665
20
4.895156651
10
-32.229492290
20
4.894762242
10
-32.420013410
20
4.894367834
10
-32.610529022
20
4.893973425
10
-32.801039128
20
4.893579016
10
-32.991543728
20
4.893184607
10
-33.182042821
20
4.892790198
10
-33.372536408
20
4.892395789
10
-33.563024488
20
4.892001380
10
-33.753507062
20
4.891606972
10
-33.943984129
20
4.891212563
10
-34.134455690
20
4.890818154
10
-34.324921745
20
4.890423745
10
-34.515382292
20
4.890029336
10
-34.705837334
20
4.889634927
10
-34.896286869
20
4.889240518
10
-35.086730897
20
4.888846110
10
-35.277169419
20
4.888451701
10
-35.467602434
20
4.888057292
10
-35.658029943
20
4.887662883
10
-35.848451945
20
4.887268474
10
-36.038868441
20
4.886874065
10
-36.229279431
20
4.886479656
10
-36.419684914
20
4.886085247
10
-36.610084890
20
4.885690839
10
-36.800479360
20
4.885296430
10
-36.990868323
20
4.884902021
10
-37.180972462
20
4.875797939
10
-37.369224697
20
4.847581036
10
-37.553701803
20
4.800502932
10
-37.732516155
20
4.735030496
10
-37.903835143
20
4.651819400
10
-38.065900058
20
4.551707843
10
-38.217044272
20
4.435708390
10
-38.355710540
20
4.304997994
10
-38.480467219
20
4.160906303
10
-38.590023264
20
4.004902365
10
-38.683241811
20
3.838579855
10
-38.759152226
20
3.663640975
10
-38.816960480
20
3.481879195
10
-38.856057728
20
3.295160989
10
-38.876027020
20
3.105406771
10
-38.878591479
20
2.914541739
10
-38.878197070
20
2.723626850
10
-38.877802661
20
2.532717467
10
-38.877408252
20
2.341813591
10
-38.877013844
20
2.150915221
10
-38.876619435
20
1.960022358
10
-38.876225026
20
1.769135002
10
-38.875830617
20
1.578253151
10
-38.875436208
20
1.387376808
10
-38.875041799
20
1.196505971
10
-38.874647390
20
1.005640640
10
-38.874252981
20
0.814780816
10
-38.873858573
20
0.623926498
10
-38.873464164
20
0.433077687
10
-38.873069755
20
0.242234382
10
-38.872675346
20
0.051396584
10
-38.872280937
20
-0.139435708
10
-38.871886528
20
-0.330262493
10
-38.871492119
20
-0.521083772
10
-38.871097711
20
-0.711899544
10
-38.870703302
20
-0.902709810
10
-38.870308893
20
-1.093514570
10
-38.869914484
20
-1.284313822
10
-38.869520075
20
-1.475107569
10
-38.869125666
20
-1.665895809
10
-38.868731257
20
-1.856678542
10
-38.868336848
20
-2.047455769
10
-38.867942440
20
-2.238227489
10
-38.867548031
20
-2.428993703
10
-38.867153622
20
-2.619754410
10
-38.866759213
20
-2.810509611
10
-38.866364379
20
-3.001259306
10
-38.856100778
20
-3.191664855
10
-38.826451752
20
-3.380062835
10
-38.777712529
20
-3.564482491
10
-38.710378499
20
-3.742991639
10
-38.625140495
20
-3.913716988
10
-38.522878011
20
-4.074863905
10
-38.404650417
20
-4.224735424
10
-38.271686262
20
-4.361750276
10
-38.125370769
20
-4.484459774
10
-37.967231634
20
-4.591563347
10
-37.798923295
20
-4.681922571
10
-37.622209803
20
-4.754573533
10
-37.438946498
20
-4.808737394
10
-37.251060654
20
-4.843829037
10
-37.060531311
20
-4.859463691
10
-36.869260869
20
-4.860054262
10
-36.677985249
20
-4.859659853
10
-36.486715135
20
-4.859265445
10
-36.295450528
20
-4.858871036
10
-36.104191428
20
-4.858476627
10
-35.912937834
20
-4.858082218
10
-35.721689746
20
-4.857687809
10
-35.530447165
20
-4.857293400
10
-35.339210090
20
-4.856898991
10
-35.147978522
20
-4.856504582
10
-34.956752460
20
-4.856110174
10
-34.765531905
20
-4.855715765
10
-34.574316856
20
-4.855321356
10
-34.383107314
20
-4.854926947
10
-34.191903279
20
-4.854532538
10
-34.000704749
20
-4.854138129
10
-33.809511727
20
-4.853743720
10
-33.618324210
20
-4.853349312
10
-33.427142201
20
-4.852954903
10
-33.235965697
20
-4.852560494
10
-33.044794701
20
-4.852166085
10
-32.853629210
20
-4.851771676
10
-32.662469226
20
-4.851377267
10
-32.471314749
20
-4.850982858
10
-32.280165778
20
-4.850588449
10
-32.089022314
20
-4.850194041
10
-31.897884356
20
-4.849799632
10
-31.706751905
20
-4.849405223
10
-31.515624960
20
-4.849010814
10
-31.324503522
20
-4.848616405
10
-31.133387590
20
-4.848221996
10
-30.942277164
20
-4.847827587
10
-30.751172245
20
-4.847433179
10
-30.560072833
20
-4.847038770
10
-30.368978927
20
-4.846644361
10
-30.177890528
20
-4.846249952
10
-29.986807635
20
-4.845855543
10
-29.795730248
20
-4.845461134
10
-29.604658368
20
-4.845066725
10
-29.413591995
20
-4.844672317
10
-29.222531128
20
-4.844277908
10
-29.031475767
20
-4.843883499
10
-28.840425913
20
-4.843489090
10
-28.649381566
20
-4.843094681
10
-28.458342725
20
-4.842700272
10
-28.267309390
20
-4.842305863
10
-28.076281562
20
-4.841911454
10
-27.885259241
20
-4.841517046
10
-27.694242426
20
-4.841122637
10
-27.503231117
20
-4.840728228
10
-27.312225315
20
-4.840333819
10
-27.121225020
20
-4.839939410
10
-26.930230230
20
-4.839545001
10
-26.739240948
20
-4.839150592
10
-26.548257172
20
-4.838756184
10
-26.357278902
20
-4.838361775
10
-26.166306139
20
-4.837967366
10
-25.975338882
20
-4.837572957
10
-25.784377132
20
-4.837178548
10
-25.593420889
20
-4.836784139
10
-25.402470151
20
-4.836389730
10
-25.211524921
20
-4.835995321
10
-25.020585196
20
-4.835600913
10
-24.829650979
20
-4.835206504
10
-24.638722268
20
-4.834812095
10
-24.447799063
20
-4.834417686
10
-24.256881365
20
-4.834023277
10
-24.065969173
20
-4.833628868
10
-23.875062488
20
-4.833234459
10
-23.684161309
20
-4.832840051
10
-23.493265637
20
-4.832445642
10
-23.302375471
20
-4.832051233
10
-23.111490811
20
-4.831656824
10
-22.920611659
20
-4.831262415
10
-22.729738012
20
-4.830868006
10
-22.538869872
20
-4.830473597
10
-22.348007239
20
-4.830079188
10
-22.157150112
20
-4.829684780
10
-21.966298492
20
-4.829290371
10
-21.775452378
20
-4.828895962
10
-21.584611771
20
-4.828501553
10
-21.393776670
20
-4.828107144
10
-21.202947075
20
-4.827712735
10
-21.012122987
20
-4.827318326
10
-20.821304406
20
-4.826923918
10
-20.630491331
20
-4.826529509
10
-20.439683763
20
-4.826135100
10
-20.248881701
20
-4.825740691
10
-20.058085145
20
-4.825346282
10
-19.867294096
20
-4.824951873
10
-19.676508554
20
-4.824557464
10
-19.485728518
20
-4.824163055
10
-19.294953988
20
-4.823768647
10
-19.104184965
20
-4.823374238
10
-18.913421449
20
-4.822979829
10
-18.722663439
20
-4.822585420
10
-18.531910935
20
-4.822191011
10
-18.341163938
20
-4.821796602
10
-18.150422448
20
-4.821402193
10
-17.959686464
20
-4.821007785
10
-17.768955986
20
-4.820613376
0
LWPOLYLINE
100
AcDbEntity
8
COPPER_L1_TOP
100
AcDbPolyline
90
220
70
0
38
0.000000000
10
-17.768955986
20
-4.820613376
10
-17.578231015
20
-4.820218967
10
-17.387511550
20
-4.819824558
10
-17.196797592
20
-4.819430149
10
-17.006089141
20
-4.819035740
10
-16.815386195
20
-4.818641331
10
-16.624688757
20
-4.818246922
10
-16.433996825
20
-4.817852514
10
-16.243310399
20
-4.817458105
10
-16.052629480
20
-4.817063696
10
-15.861954067
20
-4.816669287
10
-15.671284161
20
-4.816274878
10
-15.480619761
20
-4.815880469
10
-15.289960868
20
-4.815486060
10
-15.099307481
20
-4.815091652
10
-14.908659601
20
-4.814697243
10
-14.718017227
20
-4.814302834
10
-14.527380360
20
-4.813908425
10
-14.336748999
20
-4.813514016
10
-14.146123145
20
-4.813119607
10
-13.955502797
20
-4.812725198
10
-13.764887956
20
-4.812330789
10
-13.574278621
20
-4.811936381
10
-13.383674793
20
-4.811541972
10
-13.193076471
20
-4.811147563
10
-13.002483656
20
-4.810753154
10
-12.811896347
20
-4.810358745
10
-12.621314545
20
-4.809964336
10
-12.430738249
20
-4.809569927
10
-12.240167459
20
-4.809175519
10
-12.049602176
20
-4.808781110
10
-11.859042400
20
-4.808386701
10
-11.668488130
20
-4.807992292
10
-11.477939367
20
-4.807597883
10
-11.287396110
20
-4.807203474
10
-11.096858359
20
-4.806809065
10
-10.906326115
20
-4.806414656
10
-10.715799378
20
-4.806020248
10
-10.525278147
20
-4.805625839
10
-10.334762423
20
-4.805231430
10
-10.144252205
20
-4.804837021
10
-9.953747493
20
-4.804442612
10
-9.763248288
20
-4.804048203
10
-9.572754590
20
-4.803653794
10
-9.382266397
20
-4.803259386
10
-9.191783712
20
-4.802864977
10
-9.001306533
20
-4.802470568
10
-8.810834860
20
-4.802076159
10
-8.620368694
20
-4.801681750
10
-8.429908035
20
-4.801287341
10
-8.239452882
20
-4.800892932
10
-8.049003235
20
-4.800498523
10
-7.858559095
20
-4.800104115
10
-7.668120461
20
-4.799709706
10
-7.477687334
20
-4.799315297
10
-7.287259714
20
-4.798920888
10
-7.096837599
20
-4.798526479
10
-6.906420992
20
-4.798132070
10
-6.716009891
20
-4.797737661
10
-6.525604296
20
-4.797343253
10
-6.335204208
20
-4.796948844
10
-6.144809626
20
-4.796554435
10
-5.954420551
20
-4.796160026
10
-5.764036982
20
-4.795765617
10
-5.573658920
20
-4.795371208
10
-5.383286364
20
-4.794976799
10
-5.192919315
20
-4.794582391
10
-5.002557772
20
-4.794187982
10
-4.812201736
20
-4.793793573
10
-4.621851206
20
-4.793399164
10
-4.431506183
20
-4.793004755
10
-4.241166666
20
-4.792610346
10
-4.050832656
20
-4.792215937
10
-3.860504152
20
-4.791821528
10
-3.670181155
20
-4.791427120
10
-3.479863664
20
-4.791032711
10
-3.289551679
20
-4.790638302
10
-3.099245202
20
-4.790243893
10
-2.908944230
20
-4.789849484
10
-2.718648765
20
-4.789455075
10
-2.528358807
20
-4.789060666
10
-2.338074355
20
-4.788666258
10
-2.147795410
20
-4.788271849
10
-1.957521971
20
-4.787877440
10
-1.767254038
20
-4.787483031
10
-1.576991612
20
-4.787088622
10
-1.386734693
20
-4.786694213
10
-1.196483280
20
-4.786299804
10
-1.006237373
20
-4.785905395
10
-0.815996974
20
-4.785510987
10
-0.625762080
20
-4.785116578
10
-0.435532693
20
-4.784722169
10
-0.245308813
20
-4.784327760
10
-0.055090439
20
-4.783933351
10
0.135122429
20
-4.783538942
10
0.325329790
20
-4.783144533
10
0.515531645
20
-4.782750125
10
0.705727993
20
-4.782355716
10
0.895918834
20
-4.781961307
10
1.086104169
20
-4.781566898
10
1.276283998
20
-4.781172489
10
1.466458320
20
-4.780778080
10
1.656627136
20
-4.780383671
10
1.846790445
20
-4.779989262
10
2.036948247
20
-4.779594854
10
2.227100543
20
-4.779200445
10
2.417247333
20
-4.778806036
10
2.607388616
20
-4.778411627
10
2.797524393
20
-4.778017218
10
2.987654663
20
-4.777622809
10
3.177779427
20
-4.777228400
10
3.367898684
20
-4.776833992
10
3.558012435
20
-4.776439583
10
3.748120679
20
-4.776045174
10
3.938223417
20
-4.775650765
10
4.128320648
20
-4.775256356
10
4.318412373
20
-4.774861947
10
4.508498591
20
-4.774467538
10
4.698579303
20
-4.774073129
10
4.888654508
20
-4.773678721
10
5.078724207
20
-4.773284312
10
5.268788399
20
-4.772889903
10
5.458847085
20
-4.772495494
10
5.648900264
20
-4.772101085
10
5.838947937
20
-4.771706676
10
6.028990103
20
-4.771312267
10
6.219026763
20
-4.770917859
10
6.409057917
20
-4.770523450
10
6.599083563
20
-4.770129041
10
6.789103704
20
-4.769734632
10
6.979118338
20
-4.769340223
10
7.169127465
20
-4.768945814
10
7.359131086
20
-4.768551405
10
7.549129200
20
-4.768156996
10
7.739121808
20
-4.767762588
10
7.929108910
20
-4.767368179
10
8.119090505
20
-4.766973770
10
8.309066593
20
-4.766579361
10
8.499037175
20
-4.766184952
10
8.689002251
20
-4.765790543
10
8.878961820
20
-4.765396134
10
9.068915882
20
-4.765001726
10
9.258864438
20
-4.764607317
10
9.448807488
20
-4.764212908
10
9.638745031
20
-4.763818499
10
9.828677067
20
-4.763424090
10
10.018603597
20
-4.763029681
10
10.208524621
20
-4.762635272
10
10.398440138
20
-4.762240863
10
10.588350149
20
-4.761846455
10
10.778254653
20
-4.761452046
10
10.968153650
20
-4.761057637
10
11.158047141
20
-4.760663228
10
11.347935126
20
-4.760268819
10
11.537817604
20
-4.759874410
10
11.727694576
20
-4.759480001
10
11.917566041
20
-4.759085593
10
12.107432000
20
-4.758691184
10
12.297292452
20
-4.758296775
10
12.487147397
20
-4.757902366
10
12.676996837
20
-4.757507957
10
12.866840769
20
-4.757113548
10
13.056679195
20
-4.756719139
10
13.246512115
20
-4.756324730
10
13.436339528
20
-4.755930322
10
13.626161435
20
-4.755535913
10
13.815977835
20
-4.755141504
10
14.005788729
20
-4.754747095
10
14.195594116
20
-4.754352686
10
14.385393997
20
-4.753958277
10
14.575188372
20
-4.753563868
10
14.764977239
20
-4.753169460
10
14.954760601
20
-4.752775051
10
15.144538455
20
-4.752380642
10
15.334310804
20
-4.751986233
10
15.524077646
20
-4.751591824
10
15.713838981
20
-4.751197415
10
15.903594810
20
-4.750803006
10
16.093345132
20
-4.750408597
10
16.283089948
20
-4.750014189
10
16.472829258
20
-4.749619780
10
16.662563060
20
-4.749225371
10
16.852291357
20
-4.748830962
10
17.042014147
20
-4.748436553
10
17.231731430
20
-4.748042144
10
17.421443207
20
-4.747647735
10
17.611149478
20
-4.747253327
10
17.800850242
20
-4.746858918
10
17.990545499
20
-4.746464509
10
18.180235250
20
-4.746070100
10
18.369919495
20
-4.745675691
10
18.559598233
20
-4.745281282
10
18.749271464
20
-4.744886873
10
18.938939189
20
-4.744492465
10
19.128601408
20
-4.744098056
10
19.318258120
20
-4.743703647
10
19.507909325
20
-4.743309238
10
19.697555024
20
-4.742914829
10
19.887195217
20
-4.742520420
10
20.076829903
20
-4.742126011
10
20.266459082
20
-4.741731602
10
20.456082756
20
-4.741337194
10
20.645700922
20
-4.740942785
10
20.835313582
20
-4.740548376
10
21.024920736
20
-4.740153967
10
21.214522383
20
-4.739759558
10
21.404118524
20
-4.739365149
10
21.593709158
20
-4.738970740
10
21.783294286
20
-4.738576332
10
21.972873907
20
-4.738181923
10
22.162448021
20
-4.737787514
10
22.352016630
20
-4.737393105
10
22.541579731
20
-4.736998696
10
22.731137327
20
-4.736604287
10
22.920689415
20
-4.736209878
10
23.110235998
20
-4.735815469
10
23.299777073
20
-4.735421061
10
23.489312643
20
-4.735026652
10
23.678842705
20
-4.734632243
10
23.868367262
20
-4.734237834
0
LWPOLYLINE
100
AcDbEntity
8
COPPER_L1_TOP
100
AcDbPolyline
90
220
70
0
38
0.000000000
10
23.868367262
20
-4.734237834
10
24.057886312
20
-4.733843425
10
24.247399855
20
-4.733449016
10
24.436907892
20
-4.733054607
10
24.626410422
20
-4.732660199
10
24.815907446
20
-4.732265790
10
25.005398963
20
-4.731871381
10
25.194884974
20
-4.731476972
10
25.384365478
20
-4.731082563
10
25.573840476
20
-4.730688154
10
25.763309968
20
-4.730293745
10
25.952773953
20
-4.729899336
10
26.142232431
20
-4.729504928
10
26.331685403
20
-4.729110519
10
26.521132868
20
-4.728716110
10
26.710574827
20
-4.728321701
10
26.900011280
20
-4.727927292
10
27.089442226
20
-4.727532883
10
27.278867665
20
-4.727138474
10
27.468287598
20
-4.726744066
10
27.657702025
20
-4.726349657
10
27.847110945
20
-4.725955248
10
28.036514358
20
-4.725560839
10
28.225912265
20
-4.725166430
10
28.415304666
20
-4.724772021
10
28.604691560
20
-4.724377612
10
28.794072947
20
-4.723983203
10
28.983448828
20
-4.723588795
10
29.172819203
20
-4.723194386
10
29.362184071
20
-4.722799977
10
29.551543432
20
-4.722405568
10
29.740897288
20
-4.722011159
10
29.930245636
20
-4.721616750
10
30.119588478
20
-4.721222341
10
30.308925814
20
-4.720827933
10
30.498257643
20
-4.720433524
10
30.687583966
20
-4.720039115
10
30.876904782
20
-4.719644706
10
31.066220092
20
-4.719250297
10
31.255529895
20
-4.718855888
10
31.444834191
20
-4.718461479
10
31.634132982
20
-4.718067070
10
31.823426265
20
-4.717672662
10
32.012714043
20
-4.717278253
10
32.201996313
20
-4.716883844
10
32.391273077
20
-4.716489435
10
32.580544335
20
-4.716095026
10
32.769810087
20
-4.715700617
10
32.959070331
20
-4.715306208
10
33.148325070
20
-4.714911800
10
33.337574301
20
-4.714517391
10
33.526818027
20
-4.714122982
10
33.716056245
20
-4.713728573
10
33.905288958
20
-4.713334164
10
34.094516164
20
-4.712939755
10
34.283737863
20
-4.712545346
10
34.472954056
20
-4.712150937
10
34.662164742
20
-4.711756529
10
34.851369922
20
-4.711362120
10
35.040569595
20
-4.710967711
10
35.229763762
20
-4.710573302
10
35.418952423
20
-4.710178893
10
35.608135577
20
-4.709784484
10
35.797313224
20
-4.709390075
10
35.986485365
20
-4.708995667
10
36.175651999
20
-4.708601258
10
36.364813127
20
-4.708206849
10
36.553968749
20
-4.707812440
10
36.743118864
20
-4.707418031
10
36.932263472
20
-4.707023622
10
37.121300211
20
-4.702312994
10
37.308824624
20
-4.678053801
10
37.492549773
20
-4.633182836
10
37.670213730
20
-4.568234539
10
37.839625307
20
-4.483991317
10
37.998691217
20
-4.381474545
10
38.145442139
20
-4.261932590
10
38.278057331
20
-4.126825993
10
38.394887497
20
-3.977809974
10
38.494475613
20
-3.816714479
10
38.575575449
20
-3.645521990
10
38.637167535
20
-3.466343374
10
38.678472386
20
-3.281392053
10
38.698960782
20
-3.092956819
10
38.701107489
20
-2.903321575
10
38.700713080
20
-2.713645534
10
38.700318672
20
-2.523975000
10
38.699924263
20
-2.334309972
10
38.699529854
20
-2.144650451
10
38.699135445
20
-1.954996437
10
38.698741036
20
-1.765347928
10
38.698346627
20
-1.575704927
10
38.697952218
20
-1.386067431
10
38.697557809
20
-1.196435443
10
38.697163401
20
-1.006808961
10
38.696768992
20
-0.817187985
10
38.696374583
20
-0.627572516
10
38.695980174
20
-0.437962553
10
38.695585765
20
-0.248358097
10
38.695191356
20
-0.058759147
10
38.694796947
20
0.130834297
10
38.694402539
20
0.320422233
10
38.694008130
20
0.510004664
10
38.693613721
20
0.699581587
10
38.693219312
20
0.889153005
10
38.692824903
20
1.078718916
10
38.692430494
20
1.268279320
10
38.692036085
20
1.457834218
10
38.691641676
20
1.647383609
10
38.691247268
20
1.836927494
10
38.690852859
20
2.026465873
10
38.690458450
20
2.215998744
10
38.690064041
20
2.405526110
10
38.689669632
20
2.595047969
10
38.689275223
20
2.784564321
10
38.688880814
20
2.974075167
10
38.680568764
20
3.163324740
10
38.651301377
20
3.350511558
10
38.601230537
20
3.533276583
10
38.530970047
20
3.709311451
10
38.441389581
20
3.876388769
10
38.333604374
20
4.032390461
10
38.208961751
20
4.175334837
10
38.069024682
20
4.303402025
10
37.915552547
20
4.414957444
10
37.750479340
20
4.508573011
10
37.575889586
20
4.583045799
10
37.393992254
20
4.637413900
10
37.207093010
20
4.670969279
10
37.017565128
20
4.683267445
10
36.827517662
20
4.682964681
10
36.637475384
20
4.682570273
10
36.447438612
20
4.682175864
10
36.257407347
20
4.681781455
10
36.067381589
20
4.681387046
10
35.877361337
20
4.680992637
10
35.687346591
20
4.680598228
10
35.497337352
20
4.680203819
10
35.307333619
20
4.679809410
10
35.117335393
20
4.679415002
10
34.927342673
20
4.679020593
10
34.737355460
20
4.678626184
10
34.547373753
20
4.678231775
10
34.357397553
20
4.677837366
10
34.167426859
20
4.677442957
10
33.977461672
20
4.677048548
10
33.787501991
20
4.676654140
10
33.597547817
20
4.676259731
10
33.407599149
20
4.675865322
10
33.217655988
20
4.675470913
10
33.027718333
20
4.675076504
10
32.837786185
20
4.674682095
10
32.647859543
20
4.674287686
10
32.457938408
20
4.673893277
10
32.268022779
20
4.673498869
10
32.078112657
20
4.673104460
10
31.888208041
20
4.672710051
10
31.698308931
20
4.672315642
10
31.508415329
20
4.671921233
10
31.318527232
20
4.671526824
10
31.128644642
20
4.671132415
10
30.938767559
20
4.670738007
10
30.748895982
20
4.670343598
10
30.559029911
20
4.669949189
10
30.369169348
20
4.669554780
10
30.179314290
20
4.669160371
10
29.989464739
20
4.668765962
10
29.799620695
20
4.668371553
10
29.609782157
20
4.667977144
10
29.419949125
20
4.667582736
10
29.230121600
20
4.667188327
10
29.040299582
20
4.666793918
10
28.850483070
20
4.666399509
10
28.660672064
20
4.666005100
10
28.470866565
20
4.665610691
10
28.281066573
20
4.665216282
10
28.091272087
20
4.664821874
10
27.901483107
20
4.664427465
10
27.711699634
20
4.664033056
10
27.521921667
20
4.663638647
10
27.332149207
20
4.663244238
10
27.142382254
20
4.662849829
10
26.952620807
20
4.662455420
10
26.762864866
20
4.662061011
10
26.573114432
20
4.661666603
10
26.383369504
20
4.661272194
10
26.193630083
20
4.660877785
10
26.003896168
20
4.660483376
10
25.814167760
20
4.660088967
10
25.624444858
20
4.659694558
10
25.434727463
20
4.659300149
10
25.245015575
20
4.658905741
10
25.055309192
20
4.658511332
10
24.865608317
20
4.658116923
10
24.675912947
20
4.657722514
10
24.486223085
20
4.657328105
10
24.296538728
20
4.656933696
10
24.106859879
20
4.656539287
10
23.917186535
20
4.656144878
10
23.727518699
20
4.655750470
10
23.537856368
20
4.655356061
10
23.348199544
20
4.654961652
10
23.158548227
20
4.654567243
10
22.968902416
20
4.654172834
10
22.779262112
20
4.653778425
10
22.589627314
20
4.653384016
10
22.399998023
20
4.652989608
10
22.210374238
20
4.652595199
10
22.020755959
20
4.652200790
10
21.831143188
20
4.651806381
10
21.641535922
20
4.651411972
10
21.451934163
20
4.651017563
10
21.262337911
20
4.650623154
10
21.072747165
20
4.650228746
10
20.883161926
20
4.649834337
10
20.693582193
20
4.649439928
10
20.504007966
20
4.649045519
10
20.314439246
20
4.648651110
10
20.124876033
20
4.648256701
10
19.935318326
20
4.647862292
0
LWPOLYLINE
100
AcDbEntity
8
COPPER_L1_TOP
100
AcDbPolyline
90
220
70
0
38
0.000000000
10
19.935318326
20
4.647862292
10
19.745766125
20
4.647467883
10
19.556219431
20
4.647073475
10
19.366678244
20
4.646679066
10
19.177142563
20
4.646284657
10
18.987612388
20
4.645890248
10
18.798087720
20
4.645495839
10
18.608568558
20
4.645101430
10
18.419054903
20
4.644707021
10
18.229546755
20
4.644312613
10
18.040044113
20
4.643918204
10
17.850546977
20
4.643523795
10
17.661055348
20
4.643129386
10
17.471569225
20
4.642734977
10
17.282088609
20
4.642340568
10
17.092613500
20
4.641946159
10
16.903143897
20
4.641551750
10
16.713679800
20
4.641157342
10
16.524221210
20
4.640762933
10
16.334768126
20
4.640368524
10
16.145320549
20
4.639974115
10
15.955878478
20
4.639579706
10
15.766441914
20
4.639185297
10
15.577010856
20
4.638790888
10
15.387585305
20
4.638396480
10
15.198165260
20
4.638002071
10
15.008750722
20
4.637607662
10
14.819341690
20
4.637213253
10
14.629938165
20
4.636818844
10
14.440540146
20
4.636424435
10
14.251147634
20
4.636030026
10
14.061760628
20
4.635635617
10
13.872379129
20
4.635241209
10
13.683003136
20
4.634846800
10
13.493632650
20
4.634452391
10
13.304267670
20
4.634057982
10
13.114908196
20
4.633663573
10
12.925554230
20
4.633269164
10
12.736205769
20
4.632874755
10
12.546862815
20
4.632480347
10
12.357525368
20
4.632085938
10
12.168193427
20
4.631691529
10
11.978866993
20
4.631297120
10
11.789546065
20
4.630902711
10
11.600230643
20
4.630508302
10
11.410920728
20
4.630113893
10
11.221616320
20
4.629719484
10
11.032317418
20
4.629325076
10
10.843024022
20
4.628930667
10
10.653736133
20
4.628536258
10
10.464453751
20
4.628141849
10
10.275176875
20
4.627747440
10
10.085905505
20
4.627353031
10
9.896639642
20
4.626958622
10
9.707379286
20
4.626564214
10
9.518124436
20
4.626169805
10
9.328875092
20
4.625775396
10
9.139631255
20
4.625380987
10
8.950392925
20
4.624986578
10
8.761160101
20
4.624592169
10
8.571932783
20
4.624197760
10
8.382710972
20
4.623803351
10
8.193494667
20
4.623408943
10
8.004283869
20
4.623014534
10
7.815078577
20
4.622620125
10
7.625878792
20
4.622225716
10
7.436684514
20
4.621831307
10
7.247495742
20
4.621436898
10
7.058312476
20
4.621042489
10
6.869134717
20
4.620648081
10
6.679962464
20
4.620253672
10
6.490795718
20
4.619859263
10
6.301634478
20
4.619464854
10
6.112478745
20
4.619070445
10
5.923328518
20
4.618676036
10
5.734183798
20
4.618281627
10
5.545044584
20
4.617887218
10
5.355910877
20
4.617492810
10
5.166782676
20
4.617098401
10
4.977659982
20
4.616703992
10
4.788542794
20
4.616309583
10
4.599431113
20
4.615915174
10
4.410324938
20
4.615520765
10
4.221224270
20
4.615126356
10
4.032129108
20
4.614731948
10
3.843039452
20
4.614337539
10
3.653955304
20
4.613943130
10
3.464876661
20
4.613548721
10
3.275803525
20
4.613154312
10
3.086735896
20
4.612759903
10
2.897673773
20
4.612365494
10
2.708617157
20
4.611971085
10
2.519566047
20
4.611576677
10
2.330520443
20
4.611182268
10
2.141480346
20
4.610787859
10
1.952445756
20
4.610393450
10
1.763416672
20
4.609999041
10
1.574393094
20
4.609604632
10
1.385375023
20
4.609210223
10
1.196362459
20
4.608815815
10
1.007355401
20
4.608421406
10
0.818353850
20
4.608026997
10
0.629357804
20
4.607632588
10
0.440367266
20
4.607238179
10
0.251382234
20
4.606843770
10
0.062402708
20
4.606449361
10
-0.126571311
20
4.606054952
10
-0.315539823
20
4.605660544
10
-0.504502829
20
4.605266135
10
-0.693460329
20
4.604871726
10
-0.882412322
20
4.604477317
10
-1.071358809
20
4.604082908
10
-1.260299789
20
4.603688499
10
-1.449235262
20
4.603294090
10
-1.638165229
20
4.602899682
10
-1.827089690
20
4.602505273
10
-2.016008644
20
4.602110864
10
-2.204922092
20
4.601716455
10
-2.393830033
20
4.601322046
10
-2.582732468
20
4.600927637
10
-2.771629396
20
4.600533228
10
-2.960520818
20
4.600138820
10
-3.149406733
20
4.599744411
10
-3.338287142
20
4.599350002
10
-3.527162044
20
4.598955593
10
-3.716031440
20
4.598561184
10
-3.904895329
20
4.598166775
10
-4.093753712
20
4.597772366
10
-4.282606588
20
4.597377957
10
-4.471453958
20
4.596983549
10
-4.660295821
20
4.596589140
10
-4.849132178
20
4.596194731
10
-5.037963028
20
4.595800322
10
-5.226788372
20
4.595405913
10
-5.415608209
20
4.595011504
10
-5.604422540
20
4.594617095
10
-5.793231365
20
4.594222687
10
-5.982034682
20
4.593828278
10
-6.170832494
20
4.593433869
10
-6.359624799
20
4.593039460
10
-6.548411597
20
4.592645051
10
-6.737192889
20
4.592250642
10
-6.925968674
20
4.591856233
10
-7.114738953
20
4.591461824
10
-7.303503726
20
4.591067416
10
-7.492262992
20
4.590673007
10
-7.681016751
20
4.590278598
10
-7.869765004
20
4.589884189
10
-8.058507751
20
4.589489780
10
-8.247244991
20
4.589095371
10
-8.435976724
20
4.588700962
10
-8.624702951
20
4.588306554
10
-8.813423672
20
4.587912145
10
-9.002138886
20
4.587517736
10
-9.190848593
20
4.587123327
10
-9.379552794
20
4.586728918
10
-9.568251489
20
4.586334509
10
-9.756944677
20
4.585940100
10
-9.945632358
20
4.585545691
10
-10.134314534
20
4.585151283
10
-10.322991202
20
4.584756874
10
-10.511662364
20
4.584362465
10
-10.700328020
20
4.583968056
10
-10.888988169
20
4.583573647
10
-11.077642812
20
4.583179238
10
-11.266291948
20
4.582784829
10
-11.454935577
20
4.582390421
10
-11.643573701
20
4.581996012
10
-11.832206317
20
4.581601603
10
-12.020833427
20
4.581207194
10
-12.209455031
20
4.580812785
10
-12.398071128
20
4.580418376
10
-12.586681719
20
4.580023967
10
-12.775286803
20
4.579629558
10
-12.963886381
20
4.579235150
10
-13.152480452
20
4.578840741
10
-13.341069017
20
4.578446332
10
-13.529652075
20
4.578051923
10
-13.718229627
20
4.577657514
10
-13.906801672
20
4.577263105
10
-14.095368211
20
4.576868696
10
-14.283929244
20
4.576474288
10
-14.472484769
20
4.576079879
10
-14.661034789
20
4.575685470
10
-14.849579302
20
4.575291061
10
-15.038118308
20
4.574896652
10
-15.226651808
20
4.574502243
10
-15.415179801
20
4.574107834
10
-15.603702288
20
4.573713425
10
-15.792219268
20
4.573319017
10
-15.980730742
20
4.572924608
10
-16.169236710
20
4.572530199
10
-16.357737171
20
4.572135790
10
-16.546232125
20
4.571741381
10
-16.734721573
20
4.571346972
10
-16.923205514
20
4.570952563
10
-17.111683949
20
4.570558155
10
-17.300156878
20
4.570163746
10
-17.488624300
20
4.569769337
10
-17.677086215
20
4.569374928
10
-17.865542624
20
4.568980519
10
-18.053993527
20
4.568586110
10
-18.242438923
20
4.568191701
10
-18.430878812
20
4.567797292
10
-18.619313195
20
4.567402884
10
-18.807742072
20
4.567008475
10
-18.996165442
20
4.566614066
10
-19.184583306
20
4.566219657
10
-19.372995663
20
4.565825248
10
-19.561402513
20
4.565430839
10
-19.749803857
20
4.565036430
10
-19.938199695
20
4.564642022
10
-20.126590026
20
4.564247613
10
-20.314974851
20
4.563853204
10
-20.503354169
20
4.563458795
10
-20.691727981
20
4.563064386
10
-20.880096286
20
4.562669977
10
-21.068459084
20
4.562275568
10
-21.256816377
20
4.561881159
10
-21.445168162
20
4.561486751
0
LWPOLYLINE
100
AcDbEntity
8
COPPER_L1_TOP
100
AcDbPolyline
90
220
70
0
38
0.000000000
10
-21.445168162
20
4.561486751
10
-21.633514442
20
4.561092342
10
-21.821855214
20
4.560697933
10
-22.010190480
20
4.560303524
10
-22.198520240
20
4.559909115
10
-22.386844493
20
4.559514706
10
-22.575163240
20
4.559120297
10
-22.763476480
20
4.558725889
10
-22.951784214
20
4.558331480
10
-23.140086442
20
4.557937071
10
-23.328383162
20
4.557542662
10
-23.516674377
20
4.557148253
10
-23.704960084
20
4.556753844
10
-23.893240286
20
4.556359435
10
-24.081514981
20
4.555965027
10
-24.269784169
20
4.555570618
10
-24.458047851
20
4.555176209
10
-24.646306026
20
4.554781800
10
-24.834558695
20
4.554387391
10
-25.022805857
20
4.553992982
10
-25.211047513
20
4.553598573
10
-25.399283663
20
4.553204164
10
-25.587514306
20
4.552809756
10
-25.775739442
20
4.552415347
10
-25.963959072
20
4.552020938
10
-26.152173195
20
4.551626529
10
-26.340381812
20
4.551232120
10
-26.528584923
20
4.550837711
10
-26.716782527
20
4.550443302
10
-26.904974624
20
4.550048894
10
-27.093161215
20
4.549654485
10
-27.281342300
20
4.549260076
10
-27.469517878
20
4.548865667
10
-27.657687949
20
4.548471258
10
-27.845852514
20
4.548076849
10
-28.034011573
20
4.547682440
10
-28.222165125
20
4.547288031
10
-28.410313171
20
4.546893623
10
-28.598455710
20
4.546499214
10
-28.786592742
20
4.546104805
10
-28.974724268
20
4.545710396
10
-29.162850288
20
4.545315987
10
-29.350970801
20
4.544921578
10
-29.539085808
20
4.544527169
10
-29.727195308
20
4.544132761
10
-29.915299301
20
4.543738352
10
-30.103397789
20
4.543343943
10
-30.291490769
20
4.542949534
10
-30.479578243
20
4.542555125
10
-30.667660211
20
4.542160716
10
-30.855736672
20
4.541766307
10
-31.043807627
20
4.541371898
10
-31.231873075
20
4.540977490
10
-31.419933017
20
4.540583081
10
-31.607987452
20
4.540188672
10
-31.796036381
20
4.539794263
10
-31.984079803
20
4.539399854
10
-32.172117719
20
4.539005445
10
-32.360150128
20
4.538611036
10
-32.548177031
20
4.538216628
10
-32.736198427
20
4.537822219
10
-32.924214317
20
4.537427810
10
-33.112224701
20
4.537033401
10
-33.300229577
20
4.536638992
10
-33.488228948
20
4.536244583
10
-33.676222812
20
4.535850174
10
-33.864211169
20
4.535455765
10
-34.052194020
20
4.535061357
10
-34.240171364
20
4.534666948
10
-34.428143202
20
4.534272539
10
-34.616109533
20
4.533878130
10
-34.804070358
20
4.533483721
10
-34.992025677
20
4.533089312
10
-35.179975489
20
4.532694903
10
-35.367919794
20
4.532300495
10
-35.555858593
20
4.531906086
10
-35.743791886
20
4.531511677
10
-35.931719672
20
4.531117268
10
-36.119641951
20
4.530722859
10
-36.307558724
20
4.530328450
10
-36.495469990
20
4.529934041
10
-36.683375750
20
4.529539632
10
-36.871276004
20
4.529145224
10
-37.059155978
20
4.527605847
10
-37.245985410
20
4.508431132
10
-37.429093627
20
4.466474181
10
-37.605708836
20
4.402347868
10
-37.773152197
20
4.317001746
10
-37.928878677
20
4.211708636
10
-38.070516029
20
4.088046254
10
-38.195901303
20
3.947874152
10
-38.303114315
20
3.793306274
10
-38.390507552
20
3.626679544
10
-38.456732042
20
3.450518934
10
-38.500758779
20
3.267499532
10
-38.521895342
20
3.080406174
10
-38.523623499
20
2.892000825
10
-38.523229091
20
2.703563632
10
-38.522834682
20
2.515131947
10
-38.522440273
20
2.326705768
10
-38.522045864
20
2.138285095
10
-38.521651455
20
1.949869929
10
-38.521257046
20
1.761460269
10
-38.520862637
20
1.573056116
10
-38.520468229
20
1.384657469
10
-38.520073820
20
1.196264329
10
-38.519679411
20
1.007876695
10
-38.519285002
20
0.819494568
10
-38.518890593
20
0.631117947
10
-38.518496184
20
0.442746833
10
-38.518101775
20
0.254381225
10
-38.517707366
20
0.066021123
10
-38.517312958
20
-0.122333471
10
-38.516918549
20
-0.310682560
10
-38.516524140
20
-0.499026142
10
-38.516129731
20
-0.687364217
10
-38.515735322
20
-0.875696786
10
-38.515340913
20
-1.064023848
10
-38.514946504
20
-1.252345404
10
-38.514552096
20
-1.440661453
10
-38.514157687
20
-1.628971996
10
-38.513763278
20
-1.817277033
10
-38.513368869
20
-2.005576563
10
-38.512974460
20
-2.193870586
10
-38.512580051
20
-2.382159103
10
-38.512185642
20
-2.570442113
10
-38.511791233
20
-2.758719617
10
-38.511396825
20
-2.946991615
10
-38.504952610
20
-3.135077541
10
-38.476097015
20
-3.321051637
10
-38.424326295
20
-3.502035574
10
-38.350423120
20
-3.675212100
10
-38.255515972
20
-3.837879951
10
-38.141062578
20
-3.987496256
10
-38.008828159
20
-4.121716637
10
-37.860858783
20
-4.238432372
10
-37.699450231
20
-4.335804022
10
-37.527112837
20
-4.412290979
10
-37.346532831
20
-4.466676446
10
-37.160530776
20
-4.498087458
10
-36.972016121
20
-4.506269509
10
-36.783201678
20
-4.505875101
10
-36.594392742
20
-4.505480692
10
-36.405589313
20
-4.505086283
10
-36.216791390
20
-4.504691874
10
-36.027998973
20
-4.504297465
10
-35.839212063
20
-4.503903056
10
-35.650430659
20
-4.503508647
10
-35.461654762
20
-4.503114238
10
-35.272884371
20
-4.502719830
10
-35.084119487
20
-4.502325421
10
-34.895360109
20
-4.501931012
10
-34.706606238
20
-4.501536603
10
-34.517857873
20
-4.501142194
10
-34.329115015
20
-4.500747785
10
-34.140377663
20
-4.500353376
10
-33.951645818
20
-4.499958968
10
-33.762919479
20
-4.499564559
10
-33.574198647
20
-4.499170150
10
-33.385483321
20
-4.498775741
10
-33.196773502
20
-4.498381332
10
-33.008069189
20
-4.497986923
10
-32.819370383
20
-4.497592514
10
-32.630677083
20
-4.497198105
10
-32.441989290
20
-4.496803697
10
-32.253307003
20
-4.496409288
10
-32.064630222
20
-4.496014879
10
-31.875958949
20
-4.495620470
10
-31.687293181
20
-4.495226061
10
-31.498632920
20
-4.494831652
10
-31.309978166
20
-4.494437243
10
-31.121328918
20
-4.494042835
10
-30.932685177
20
-4.493648426
10
-30.744046942
20
-4.493254017
10
-30.555414213
20
-4.492859608
10
-30.366786991
20
-4.492465199
10
-30.178165276
20
-4.492070790
10
-29.989549067
20
-4.491676381
10
-29.800938364
20
-4.491281972
10
-29.612333168
20
-4.490887564
10
-29.423733479
20
-4.490493155
10
-29.235139296
20
-4.490098746
10
-29.046550619
20
-4.489704337
10
-28.857967449
20
-4.489309928
10
-28.669389786
20
-4.488915519
10
-28.480817629
20
-4.488521110
10
-28.292250978
20
-4.488126702
10
-28.103689834
20
-4.487732293
10
-27.915134196
20
-4.487337884
10
-27.726584065
20
-4.486943475
10
-27.538039441
20
-4.486549066
10
-27.349500323
20
-4.486154657
10
-27.160966711
20
-4.485760248
10
-26.972438606
20
-4.485365839
10
-26.783916007
20
-4.484971431
10
-26.595398915
20
-4.484577022
10
-26.406887329
20
-4.484182613
10
-26.218381250
20
-4.483788204
10
-26.029880678
20
-4.483393795
10
-25.841385611
20
-4.482999386
10
-25.652896052
20
-4.482604977
10
-25.464411998
20
-4.482210569
10
-25.275933452
20
-4.481816160
10
-25.087460411
20
-4.481421751
10
-24.898992878
20
-4.481027342
10
-24.710530850
20
-4.480632933
10
-24.522074330
20
-4.480238524
10
-24.333623315
20
-4.479844115
10
-24.145177808
20
-4.479449706
10
-23.956737806
20
-4.479055298
10
-23.768303312
20
-4.478660889
10
-23.579874323
20
-4.478266480
10
-23.391450841
20
-4.477872071
10
-23.203032866
20
-4.477477662
10
-23.014620397
20
-4.477083253
10
-22.826213435
20
-4.476688844
10
-22.637811979
20
-4.476294436
10
-22.449416030
20
-4.475900027
10
-22.261025587
20
-4.475505618
10
-22.072640650
20
-4.475111209
0
LWPOLYLINE
100
AcDbEntity
8
COPPER_L1_TOP
100
AcDbPolyline
90
220
70
0
38
0.000000000
10
-22.072640650
20
-4.475111209
10
-21.884261220
20
-4.474716800
10
-21.695887297
20
-4.474322391
10
-21.507518880
20
-4.473927982
10
-21.319155970
20
-4.473533573
10
-21.130798566
20
-4.473139165
10
-20.942446668
20
-4.472744756
10
-20.754100277
20
-4.472350347
10
-20.565759393
20
-4.471955938
10
-20.377424015
20
-4.471561529
10
-20.189094143
20
-4.471167120
10
-20.000769778
20
-4.470772711
10
-19.812450920
20
-4.470378303
10
-19.624137568
20
-4.469983894
10
-19.435829722
20
-4.469589485
10
-19.247527383
20
-4.469195076
10
-19.059230551
20
-4.468800667
10
-18.870939225
20
-4.468406258
10
-18.682653405
20
-4.468011849
10
-18.494373092
20
-4.467617440
10
-18.306098285
20
-4.467223032
10
-18.117828985
20
-4.466828623
10
-17.929565192
20
-4.466434214
10
-17.741306904
20
-4.466039805
10
-17.553054124
20
-4.465645396
10
-17.364806850
20
-4.465250987
10
-17.176565082
20
-4.464856578
10
-16.988328821
20
-4.464462170
10
-16.800098066
20
-4.464067761
10
-16.611872818
20
-4.463673352
10
-16.423653076
20
-4.463278943
10
-16.235438841
20
-4.462884534
10
-16.047230112
20
-4.462490125
10
-15.859026890
20
-4.462095716
10
-15.670829174
20
-4.461701307
10
-15.482636965
20
-4.461306899
10
-15.294450262
20
-4.460912490
10
-15.106269066
20
-4.460518081
10
-14.918093376
20
-4.460123672
10
-14.729923193
20
-4.459729263
10
-14.541758516
20
-4.459334854
10
-14.353599346
20
-4.458940445
10
-14.165445682
20
-4.458546037
10
-13.977297525
20
-4.458151628
10
-13.789154874
20
-4.457757219
10
-13.601017730
20
-4.457362810
10
-13.412886092
20
-4.456968401
10
-13.224759960
20
-4.456573992
10
-13.036639335
20
-4.456179583
10
-12.848524217
20
-4.455785175
10
-12.660414605
20
-4.455390766
10
-12.472310500
20
-4.454996357
10
-12.284211901
20
-4.454601948
10
-12.096118808
20
-4.454207539
10
-11.908031223
20
-4.453813130
10
-11.719949143
20
-4.453418721
10
-11.531872570
20
-4.453024312
10
-11.343801504
20
-4.452629904
10
-11.155735944
20
-4.452235495
10
-10.967675890
20
-4.451841086
10
-10.779621343
20
-4.451446677
10
-10.591572303
20
-4.451052268
10
-10.403528769
20
-4.450657859
10
-10.215490741
20
-4.450263450
10
-10.027458220
20
-4.449869042
10
-9.839431206
20
-4.449474633
10
-9.651409697
20
-4.449080224
10
-9.463393696
20
-4.448685815
10
-9.275383201
20
-4.448291406
10
-9.087378212
20
-4.447896997
10
-8.899378730
20
-4.447502588
10
-8.711384754
20
-4.447108179
10
-8.523396285
20
-4.446713771
10
-8.335413323
20
-4.446319362
10
-8.147435867
20
-4.445924953
10
-7.959463917
20
-4.445530544
10
-7.771497474
20
-4.445136135
10
-7.583536537
20
-4.444741726
10
-7.395581107
20
-4.444347317
10
-7.207631183
20
-4.443952909
10
-7.019686766
20
-4.443558500
10
-6.831747855
20
-4.443164091
10
-6.643814451
20
-4.442769682
10
-6.455886553
20
-4.442375273
10
-6.267964162
20
-4.441980864
10
-6.080047277
20
-4.441586455
10
-5.892135899
20
-4.441192046
10
-5.704230027
20
-4.440797638
10
-5.516329662
20
-4.440403229
10
-5.328434803
20
-4.440008820
10
-5.140545451
20
-4.439614411
10
-4.952661605
20
-4.439220002
10
-4.764783266
20
-4.438825593
10
-4.576910433
20
-4.438431184
10
-4.389043107
20
-4.438036776
10
-4.201181287
20
-4.437642367
10
-4.013324973
20
-4.437247958
10
-3.825474167
20
-4.436853549
10
-3.637628866
20
-4.436459140
10
-3.449789072
20
-4.436064731
10
-3.261954785
20
-4.435670322
10
-3.074126004
20
-4.435275913
10
-2.886302730
20
-4.434881505
10
-2.698484962
20
-4.434487096
10
-2.510672700
20
-4.434092687
10
-2.322865945
20
-4.433698278
10
-2.135064697
20
-4.433303869
10
-1.947268955
20
-4.432909460
10
-1.759478719
20
-4.432515051
10
-1.571693990
20
-4.432120643
10
-1.383914768
20
-4.431726234
10
-1.196141052
20
-4.431331825
10
-1.008372842
20
-4.430937416
10
-0.820610139
20
-4.430543007
10
-0.632852943
20
-4.430148598
10
-0.445101253
20
-4.429754189
10
-0.257355069
20
-4.429359780
10
-0.069614392
20
-4.428965372
10
0.118120779
20
-4.428570963
10
0.305850443
20
-4.428176554
10
0.493574600
20
-4.427782145
10
0.681293251
20
-4.427387736
10
0.869006396
20
-4.426993327
10
1.056714034
20
-4.426598918
10
1.244416166
20
-4.426204510
10
1.432112791
20
-4.425810101
10
1.619803910
20
-4.425415692
10
1.807489522
20
-4.425021283
10
1.995169627
20
-4.424626874
10
2.182844227
20
-4.424232465
10
2.370513319
20
-4.423838056
10
2.558176906
20
-4.423443647
10
2.745834985
20
-4.423049239
10
2.933487559
20
-4.422654830
10
3.121134625
20
-4.422260421
10
3.308776186
20
-4.421866012
10
3.496412239
20
-4.421471603
10
3.684042787
20
-4.421077194
10
3.871667827
20
-4.420682785
10
4.059287362
20
-4.420288377
10
4.246901389
20
-4.419893968
10
4.434509911
20
-4.419499559
10
4.622112926
20
-4.419105150
10
4.809710434
20
-4.418710741
10
4.997302436
20
-4.418316332
10
5.184888931
20
-4.417921923
10
5.372469920
20
-4.417527514
10
5.560045402
20
-4.417133106
10
5.747615378
20
-4.416738697
10
5.935179848
20
-4.416344288
10
6.122738811
20
-4.415949879
10
6.310292267
20
-4.415555470
10
6.497840217
20
-4.415161061
10
6.685382660
20
-4.414766652
10
6.872919597
20
-4.414372244
10
7.060451028
20
-4.413977835
10
7.247976952
20
-4.413583426
10
7.435497369
20
-4.413189017
10
7.623012280
20
-4.412794608
10
7.810521685
20
-4.412400199
10
7.998025583
20
-4.412005790
10
8.185523974
20
-4.411611382
10
8.373016859
20
-4.411216973
10
8.560504238
20
-4.410822564
10
8.747986110
20
-4.410428155
10
8.935462475
20
-4.410033746
10
9.122933334
20
-4.409639337
10
9.310398687
20
-4.409244928
10
9.497858533
20
-4.408850519
10
9.685312873
20
-4.408456111
10
9.872761706
20
-4.408061702
10
10.060205032
20
-4.407667293
10
10.247642853
20
-4.407272884
10
10.435075166
20
-4.406878475
10
10.622501973
20
-4.406484066
10
10.809923274
20
-4.406089657
10
10.997339068
20
-4.405695249
10
11.184749356
20
-4.405300840
10
11.372154137
20
-4.404906431
10
11.559553412
20
-4.404512022
10
11.746947180
20
-4.404117613
10
11.934335442
20
-4.403723204
10
12.121718197
20
-4.403328795
10
12.309095446
20
-4.402934386
10
12.496467188
20
-4.402539978
10
12.683833424
20
-4.402145569
10
12.871194153
20
-4.401751160
10
13.058549376
20
-4.401356751
10
13.245899092
20
-4.400962342
10
13.433243302
20
-4.400567933
10
13.620582005
20
-4.400173524
10
13.807915202
20
-4.399779116
10
13.995242892
20
-4.399384707
10
14.182565076
20
-4.398990298
10
14.369881753
20
-4.398595889
10
14.557192924
20
-4.398201480
10
14.744498589
20
-4.397807071
10
14.931798747
20
-4.397412662
10
15.119093398
20
-4.397018253
10
15.306382543
20
-4.396623845
10
15.493666181
20
-4.396229436
10
15.680944313
20
-4.395835027
10
15.868216939
20
-4.395440618
10
16.055484058
20
-4.395046209
10
16.242745670
20
-4.394651800
10
16.430001776
20
-4.394257391
10
16.617252375
20
-4.393862983
10
16.804497468
20
-4.393468574
10
16.991737055
20
-4.393074165
10
17.178971135
20
-4.392679756
10
17.366199708
20
-4.392285347
10
17.553422775
20
-4.391890938
10
17.740640336
20
-4.391496529
10
17.927852390
20
-4.391102120
10
18.115058938
20
-4.390707712
10
18.302259979
20
-4.390313303
10
18.489455513
20
-4.389918894
10
18.676645541
20
-4.389524485
10
18.863830063
20
-4.389130076
10
19.051009078
20
-4.388735667
0
LWPOLYLINE
100
AcDbEntity
8
COPPER_L1_TOP
100
AcDbPolyline
90
220
70
0
38
0.000000000
10
19.051009078
20
-4.388735667
10
19.238182587
20
-4.388341258
10
19.425350589
20
-4.387946850
10
19.612513084
20
-4.387552441
10
19.799670073
20
-4.387158032
10
19.986821556
20
-4.386763623
10
20.173967532
20
-4.386369214
10
20.361108002
20
-4.385974805
10
20.548242965
20
-4.385580396
10
20.735372422
20
-4.385185987
10
20.922496372
20
-4.384791579
10
21.109614816
20
-4.384397170
10
21.296727753
20
-4.384002761
10
21.483835184
20
-4.383608352
10
21.670937108
20
-4.383213943
10
21.858033526
20
-4.382819534
10
22.045124437
20
-4.382425125
10
22.232209842
20
-4.382030717
10
22.419289740
20
-4.381636308
10
22.606364132
20
-4.381241899
10
22.793433017
20
-4.380847490
10
22.980496396
20
-4.380453081
10
23.167554268
20
-4.380058672
10
23.354606634
20
-4.379664263
10
23.541653493
20
-4.379269854
10
23.728694846
20
-4.378875446
10
23.915730693
20
-4.378481037
10
24.102761033
20
-4.378086628
10
24.289785866
20
-4.377692219
10
24.476805193
20
-4.377297810
10
24.663819013
20
-4.376903401
10
24.850827327
20
-4.376508992
10
25.037830135
20
-4.376114584
10
25.224827435
20
-4.375720175
10
25.411819230
20
-4.375325766
10
25.598805518
20
-4.374931357
10
25.785786299
20
-4.374536948
10
25.972761574
20
-4.374142539
10
26.159731343
20
-4.373748130
10
26.346695605
20
-4.373353721
10
26.533654360
20
-4.372959313
10
26.720607609
20
-4.372564904
10
26.907555352
20
-4.372170495
10
27.094497588
20
-4.371776086
10
27.281434317
20
-4.371381677
10
27.468365540
20
-4.370987268
10
27.655291257
20
-4.370592859
10
27.842211467
20
-4.370198451
10
28.029126171
20
-4.369804042
10
28.216035368
20
-4.369409633
10
28.402939058
20
-4.369015224
10
28.589837243
20
-4.368620815
10
28.776729920
20
-4.368226406
10
28.963617091
20
-4.367831997
10
29.150498756
20
-4.367437588
10
29.337374914
20
-4.367043180
10
29.524245566
20
-4.366648771
10
29.711110711
20
-4.366254362
10
29.897970350
20
-4.365859953
10
30.084824482
20
-4.365465544
10
30.271673108
20
-4.365071135
10
30.458516227
20
-4.364676726
10
30.645353839
20
-4.364282318
10
30.832185946
20
-4.363887909
10
31.019012545
20
-4.363493500
10
31.205833639
20
-4.363099091
10
31.392649225
20
-4.362704682
10
31.579459306
20
-4.362310273
10
31.766263880
20
-4.361915864
10
31.953062947
20
-4.361521456
10
32.139856508
20
-4.361127047
10
32.326644562
20
-4.360732638
10
32.513427110
20
-4.360338229
10
32.700204151
20
-4.359943820
10
32.886975686
20
-4.359549411
10
33.073741714
20
-4.359155002
10
33.260502236
20
-4.358760593
10
33.447257252
20
-4.358366185
10
33.634006760
20
-4.357971776
10
33.820750763
20
-4.357577367
10
34.007489259
20
-4.357182958
10
34.194222248
20
-4.356788549
10
34.380949731
20
-4.356394140
10
34.567671708
20
-4.355999731
10
34.754388177
20
-4.355605323
10
34.941099141
20
-4.355210914
10
35.127804598
20
-4.354816505
10
35.314504548
20
-4.354422096
10
35.501198992
20
-4.354027687
10
35.687887930
20
-4.353633278
10
35.874571361
20
-4.353238869
10
36.061249285
20
-4.352844460
10
36.247921703
20
-4.352450052
10
36.434588615
20
-4.352055643
10
36.621250020
20
-4.351661234
10
36.807905919
20
-4.351266825
10
36.994556311
20
-4.350872416
10
37.180657988
20
-4.338339844
10
37.363306443
20
-4.300282335
10
37.539009079
20
-4.237388428
10
37.704398487
20
-4.150834122
10
37.856297342
20
-4.042250966
10
37.991779935
20
-3.913696280
10
38.108229144
20
-3.767615091
10
38.203387727
20
-3.606794432
10
38.275402923
20
-3.434310879
10
38.322863458
20
-3.253472271
10
38.344828202
20
-3.067754714
10
38.346139510
20
-2.880579488
10
38.345745101
20
-2.693381144
10
38.345350692
20
-2.506188307
10
38.344956283
20
-2.319000976
10
38.344561874
20
-2.131819152
10
38.344167465
20
-1.944642834
10
38.343773057
20
-1.757472023
10
38.343378648
20
-1.570306718
10
38.342984239
20
-1.383146920
10
38.342589830
20
-1.195992628
10
38.342195421
20
-1.008843843
10
38.341801012
20
-0.821700564
10
38.341406603
20
-0.634562792
10
38.341012194
20
-0.447430526
10
38.340617786
20
-0.260303767
10
38.340223377
20
-0.073182514
10
38.339828968
20
0.113933232
10
38.339434559
20
0.301043472
10
38.339040150
20
0.488148206
10
38.338645741
20
0.675247432
10
38.338251332
20
0.862341153
10
38.337856924
20
1.049429367
10
38.337462515
20
1.236512074
10
38.337068106
20
1.423589275
10
38.336673697
20
1.610660970
10
38.336279288
20
1.797727157
10
38.335884879
20
1.984787839
10
38.335490470
20
2.171843014
10
38.335096061
20
2.358892682
10
38.334701653
20
2.545936844
10
38.334307244
20
2.732975500
10
38.333912835
20
2.920008649
10
38.329225040
20
3.106921396
10
38.300823824
20
3.291679660
10
38.246841542
20
3.470695631
10
38.168313109
20
3.640438570
10
38.066759562
20
3.797552698
10
37.944159667
20
3.938924006
10
37.802912358
20
4.061742586
10
37.645790690
20
4.163559229
10
37.475888178
20
4.242335126
10
37.296558549
20
4.296483665
10
37.111350048
20
4.324903425
10
36.923894019
20
4.329179928
10
36.736312918
20
4.328785520
10
36.548737324
20
4.328391111
10
36.361167236
20
4.327996702
10
36.173602655
20
4.327602293
10
35.986043580
20
4.327207884
10
35.798490012
20
4.326813475
10
35.610941951
20
4.326419066
10
35.423399395
20
4.326024658
10
35.235862347
20
4.325630249
10
35.048330804
20
4.325235840
10
34.860804769
20
4.324841431
10
34.673284239
20
4.324447022
10
34.485769217
20
4.324052613
10
34.298259700
20
4.323658204
10
34.110755691
20
4.323263795
10
33.923257187
20
4.322869387
10
33.735764191
20
4.322474978
10
33.548276700
20
4.322080569
10
33.360794717
20
4.321686160
10
33.173318239
20
4.321291751
10
32.985847268
20
4.320897342
10
32.798381804
20
4.320502933
10
32.610921846
20
4.320108525
10
32.423467395
20
4.319714116
10
32.236018450
20
4.319319707
10
32.048575012
20
4.318925298
10
31.861137080
20
4.318530889
10
31.673704654
20
4.318136480
10
31.486277735
20
4.317742071
10
31.298856323
20
4.317347662
10
31.111440417
20
4.316953254
10
30.924030018
20
4.316558845
10
30.736625125
20
4.316164436
10
30.549225738
20
4.315770027
10
30.361831858
20
4.315375618
10
30.174443485
20
4.314981209
10
29.987060618
20
4.314586800
10
29.799683257
20
4.314192392
10
29.612311403
20
4.313797983
10
29.424945056
20
4.313403574
10
29.237584215
20
4.313009165
10
29.050228880
20
4.312614756
10
28.862879052
20
4.312220347
10
28.675534730
20
4.311825938
10
28.488195915
20
4.311431530
10
28.300862607
20
4.311037121
10
28.113534805
20
4.310642712
10
27.926212509
20
4.310248303
10
27.738895720
20
4.309853894
10
27.551584437
20
4.309459485
10
27.364278661
20
4.309065076
10
27.176978392
20
4.308670667
10
26.989683628
20
4.308276259
10
26.802394372
20
4.307881850
10
26.615110622
20
4.307487441
10
26.427832378
20
4.307093032
10
26.240559641
20
4.306698623
10
26.053292410
20
4.306304214
10
25.866030686
20
4.305909805
10
25.678774468
20
4.305515397
10
25.491523757
20
4.305120988
10
25.304278552
20
4.304726579
10
25.117038854
20
4.304332170
10
24.929804662
20
4.303937761
10
24.742575977
20
4.303543352
10
24.555352798
20
4.303148943
10
24.368135126
20
4.302754534
10
24.180922960
20
4.302360126
0
LWPOLYLINE
100
AcDbEntity
8
COPPER_L1_TOP
100
AcDbPolyline
90
220
70
0
38
0.000000000
10
24.180922960
20
4.302360126
10
23.993716301
20
4.301965717
10
23.806515148
20
4.301571308
10
23.619319502
20
4.301176899
10
23.432129362
20
4.300782490
10
23.244944728
20
4.300388081
10
23.057765601
20
4.299993672
10
22.870591981
20
4.299599264
10
22.683423867
20
4.299204855
10
22.496261260
20
4.298810446
10
22.309104159
20
4.298416037
10
22.121952564
20
4.298021628
10
21.934806477
20
4.297627219
10
21.747665895
20
4.297232810
10
21.560530820
20
4.296838401
10
21.373401252
20
4.296443993
10
21.186277190
20
4.296049584
10
20.999158634
20
4.295655175
10
20.812045585
20
4.295260766
10
20.624938043
20
4.294866357
10
20.437836007
20
4.294471948
10
20.250739477
20
4.294077539
10
20.063648454
20
4.293683131
10
19.876562938
20
4.293288722
10
19.689482928
20
4.292894313
10
19.502408424
20
4.292499904
10
19.315339427
20
4.292105495
10
19.128275936
20
4.291711086
10
18.941217952
20
4.291316677
10
18.754165475
20
4.290922268
10
18.567118504
20
4.290527860
10
18.380077039
20
4.290133451
10
18.193041081
20
4.289739042
10
18.006010629
20
4.289344633
10
17.818985684
20
4.288950224
10
17.631966246
20
4.288555815
10
17.444952313
20
4.288161406
10
17.257943888
20
4.287766998
10
17.070940968
20
4.287372589
10
16.883943556
20
4.286978180
10
16.696951650
20
4.286583771
10
16.509965250
20
4.286189362
10
16.322984357
20
4.285794953
10
16.136008970
20
4.285400544
10
15.949039090
20
4.285006135
10
15.762074716
20
4.284611727
10
15.575115849
20
4.284217318
10
15.388162488
20
4.283822909
10
15.201214634
20
4.283428500
10
15.014272286
20
4.283034091
10
14.827335444
20
4.282639682
10
14.640404110
20
4.282245273
10
14.453478281
20
4.281850865
10
14.266557959
20
4.281456456
10
14.079643144
20
4.281062047
10
13.892733835
20
4.280667638
10
13.705830033
20
4.280273229
10
13.518931737
20
4.279878820
10
13.332038948
20
4.279484411
10
13.145151665
20
4.279090002
10
12.958269888
20
4.278695594
10
12.771393618
20
4.278301185
10
12.584522855
20
4.277906776
10
12.397657598
20
4.277512367
10
12.210797848
20
4.277117958
10
12.023943604
20
4.276723549
10
11.837094866
20
4.276329140
10
11.650251635
20
4.275934732
10
11.463413911
20
4.275540323
10
11.276581693
20
4.275145914
10
11.089754981
20
4.274751505
10
10.902933776
20
4.274357096
10
10.716118078
20
4.273962687
10
10.529307886
20
4.273568278
10
10.342503200
20
4.273173869
10
10.155704021
20
4.272779461
10
9.968910348
20
4.272385052
10
9.782122182
20
4.271990643
10
9.595339523
20
4.271596234
10
9.408562370
20
4.271201825
10
9.221790723
20
4.270807416
10
9.035024583
20
4.270413007
10
8.848263949
20
4.270018599
10
8.661508822
20
4.269624190
10
8.474759202
20
4.269229781
10
8.288015087
20
4.268835372
10
8.101276480
20
4.268440963
10
7.914543379
20
4.268046554
10
7.727815784
20
4.267652145
10
7.541093696
20
4.267257737
10
7.354377114
20
4.266863328
10
7.167666039
20
4.266468919
10
6.980960470
20
4.266074510
10
6.794260408
20
4.265680101
10
6.607565852
20
4.265285692
10
6.420876803
20
4.264891283
10
6.234193260
20
4.264496874
10
6.047515224
20
4.264102466
10
5.860842694
20
4.263708057
10
5.674175671
20
4.263313648
10
5.487514154
20
4.262919239
10
5.300858143
20
4.262524830
10
5.114207640
20
4.262130421
10
4.927562642
20
4.261736012
10
4.740923151
20
4.261341604
10
4.554289167
20
4.260947195
10
4.367660689
20
4.260552786
10
4.181037718
20
4.260158377
10
3.994420253
20
4.259763968
10
3.807808294
20
4.259369559
10
3.621201843
20
4.258975150
10
3.434600897
20
4.258580741
10
3.248005458
20
4.258186333
10
3.061415526
20
4.257791924
10
2.874831100
20
4.257397515
10
2.688252180
20
4.257003106
10
2.501678767
20
4.256608697
10
2.315110861
20
4.256214288
10
2.128548461
20
4.255819879
10
1.941991567
20
4.255425471
10
1.755440180
20
4.255031062
10
1.568894300
20
4.254636653
10
1.382353926
20
4.254242244
10
1.195819058
20
4.253847835
10
1.009289697
20
4.253453426
10
0.822765843
20
4.253059017
10
0.636247495
20
4.252664608
10
0.449734653
20
4.252270200
10
0.263227318
20
4.251875791
10
0.076725489
20
4.251481382
10
-0.109770833
20
4.251086973
10
-0.296261648
20
4.250692564
10
-0.482746958
20
4.250298155
10
-0.669226760
20
4.249903746
10
-0.855701056
20
4.249509338
10
-1.042169846
20
4.249114929
10
-1.228633129
20
4.248720520
10
-1.415090906
20
4.248326111
10
-1.601543176
20
4.247931702
10
-1.787989940
20
4.247537293
10
-1.974431197
20
4.247142884
10
-2.160866948
20
4.246748475
10
-2.347297192
20
4.246354067
10
-2.533721930
20
4.245959658
10
-2.720141161
20
4.245565249
10
-2.906554886
20
4.245170840
10
-3.092963104
20
4.244776431
10
-3.279365816
20
4.244382022
10
-3.465763021
20
4.243987613
10
-3.652154720
20
4.243593205
10
-3.838540912
20
4.243198796
10
-4.024921598
20
4.242804387
10
-4.211296777
20
4.242409978
10
-4.397666450
20
4.242015569
10
-4.584030617
20
4.241621160
10
-4.770389276
20
4.241226751
10
-4.956742430
20
4.240832342
10
-5.143090077
20
4.240437934
10
-5.329432217
20
4.240043525
10
-5.515768851
20
4.239649116
10
-5.702099978
20
4.239254707
10
-5.888425599
20
4.238860298
10
-6.074745714
20
4.238465889
10
-6.261060322
20
4.238071480
10
-6.447369423
20
4.237677072
10
-6.633673018
20
4.237282663
10
-6.819971107
20
4.236888254
10
-7.006263689
20
4.236493845
10
-7.192550764
20
4.236099436
10
-7.378832333
20
4.235705027
10
-7.565108396
20
4.235310618
10
-7.751378952
20
4.234916209
10
-7.937644001
20
4.234521801
10
-8.123903544
20
4.234127392
10
-8.310157581
20
4.233732983
10
-8.496406111
20
4.233338574
10
-8.682649134
20
4.232944165
10
-8.868886651
20
4.232549756
10
-9.055118662
20
4.232155347
10
-9.241345166
20
4.231760939
10
-9.427566164
20
4.231366530
10
-9.613781655
20
4.230972121
10
-9.799991640
20
4.230577712
10
-9.986196118
20
4.230183303
10
-10.172395089
20
4.229788894
10
-10.358588554
20
4.229394485
10
-10.544776513
20
4.229000076
10
-10.730958965
20
4.228605668
10
-10.917135911
20
4.228211259
10
-11.103307350
20
4.227816850
10
-11.289473283
20
4.227422441
10
-11.475633709
20
4.227028032
10
-11.661788629
20
4.226633623
10
-11.847938042
20
4.226239214
10
-12.034081949
20
4.225844806
10
-12.220220349
20
4.225450397
10
-12.406353243
20
4.225055988
10
-12.592480630
20
4.224661579
10
-12.778602511
20
4.224267170
10
-12.964718885
20
4.223872761
10
-13.150829753
20
4.223478352
10
-13.336935115
20
4.223083943
10
-13.523034969
20
4.222689535
10
-13.709129318
20
4.222295126
10
-13.895218160
20
4.221900717
10
-14.081301495
20
4.221506308
10
-14.267379324
20
4.221111899
10
-14.453451646
20
4.220717490
10
-14.639518462
20
4.220323081
10
-14.825579772
20
4.219928673
10
-15.011635574
20
4.219534264
10
-15.197685871
20
4.219139855
10
-15.383730661
20
4.218745446
10
-15.569769944
20
4.218351037
10
-15.755803721
20
4.217956628
10
-15.941831992
20
4.217562219
10
-16.127854756
20
4.217167811
10
-16.313872013
20
4.216773402
10
-16.499883764
20
4.216378993
10
-16.685890009
20
4.215984584
0
LWPOLYLINE
100
AcDbEntity
8
COPPER_L1_TOP
100
AcDbPolyline
90
220
70
0
38
0.000000000
10
-16.685890009
20
4.215984584
10
-16.871890747
20
4.215590175
10
-17.057885978
20
4.215195766
10
-17.243875703
20
4.214801357
10
-17.429859922
20
4.214406948
10
-17.615838634
20
4.214012540
10
-17.801811839
20
4.213618131
10
-17.987779539
20
4.213223722
10
-18.173741731
20
4.212829313
10
-18.359698417
20
4.212434904
10
-18.545649597
20
4.212040495
10
-18.731595270
20
4.211646086
10
-18.917535437
20
4.211251678
10
-19.103470097
20
4.210857269
10
-19.289399250
20
4.210462860
10
-19.475322898
20
4.210068451
10
-19.661241038
20
4.209674042
10
-19.847153672
20
4.209279633
10
-20.033060800
20
4.208885224
10
-20.218962421
20
4.208490815
10
-20.404858536
20
4.208096407
10
-20.590749144
20
4.207701998
10
-20.776634246
20
4.207307589
10
-20.962513841
20
4.206913180
10
-21.148387930
20
4.206518771
10
-21.334256512
20
4.206124362
10
-21.520119588
20
4.205729953
10
-21.705977157
20
4.205335545
10
-21.891829220
20
4.204941136
10
-22.077675776
20
4.204546727
10
-22.263516826
20
4.204152318
10
-22.449352369
20
4.203757909
10
-22.635182406
20
4.203363500
10
-22.821006937
20
4.202969091
10
-23.006825960
20
4.202574682
10
-23.192639478
20
4.202180274
10
-23.378447489
20
4.201785865
10
-23.564249993
20
4.201391456
10
-23.750046991
20
4.200997047
10
-23.935838482
20
4.200602638
10
-24.121624467
20
4.200208229
10
-24.307404946
20
4.199813820
10
-24.493179918
20
4.199419412
10
-24.678949383
20
4.199025003
10
-24.864713342
20
4.198630594
10
-25.050471795
20
4.198236185
10
-25.236224740
20
4.197841776
10
-25.421972180
20
4.197447367
10
-25.607714113
20
4.197052958
10
-25.793450539
20
4.196658549
10
-25.979181459
20
4.196264141
10
-26.164906873
20
4.195869732
10
-26.350626780
20
4.195475323
10
-26.536341181
20
4.195080914
10
-26.722050075
20
4.194686505
10
-26.907753462
20
4.194292096
10
-27.093451343
20
4.193897687
10
-27.279143718
20
4.193503279
10
-27.464830586
20
4.193108870
10
-27.650511948
20
4.192714461
10
-27.836187803
20
4.192320052
10
-28.021858151
20
4.191925643
10
-28.207522993
20
4.191531234
10
-28.393182329
20
4.191136825
10
-28.578836158
20
4.190742416
10
-28.764484481
20
4.190348008
10
-28.950127297
20
4.189953599
10
-29.135764607
20
4.189559190
10
-29.321396410
20
4.189164781
10
-29.507022707
20
4.188770372
10
-29.692643497
20
4.188375963
10
-29.878258781
20
4.187981554
10
-30.063868558
20
4.187587146
10
-30.249472829
20
4.187192737
10
-30.435071593
20
4.186798328
10
-30.620664851
20
4.186403919
10
-30.806252602
20
4.186009510
10
-30.991834847
20
4.185615101
10
-31.177411585
20
4.185220692
10
-31.362982817
20
4.184826283
10
-31.548548542
20
4.184431875
10
-31.734108761
20
4.184037466
10
-31.919663473
20
4.183643057
10
-32.105212679
20
4.183248648
10
-32.290756378
20
4.182854239
10
-32.476294571
20
4.182459830
10
-32.661827258
20
4.182065421
10
-32.847354438
20
4.181671013
10
-33.032876111
20
4.181276604
10
-33.218392278
20
4.180882195
10
-33.403902938
20
4.180487786
10
-33.589408092
20
4.180093377
10
-33.774907740
20
4.179698968
10
-33.960401881
20
4.179304559
10
-34.145890515
20
4.178910150
10
-34.331373643
20
4.178515742
10
-34.516851264
20
4.178121333
10
-34.702323379
20
4.177726924
10
-34.887789988
20
4.177332515
10
-35.073251090
20
4.176938106
10
-35.258706685
20
4.176543697
10
-35.444156775
20
4.176149288
10
-35.629601357
20
4.175754880
10
-35.815040433
20
4.175360471
10
-36.000474003
20
4.174966062
10
-36.185902066
20
4.174571653
10
-36.371324622
20
4.174177244
10
-36.556741672
20
4.173782835
10
-36.742153216
20
4.173388426
10
-36.927559253
20
4.172994017
10
-37.112785154
20
4.167162950
10
-37.295143856
20
4.134440450
10
-37.470121096
20
4.073371643
10
-37.633329697
20
3.985449052
10
-37.780666201
20
3.872841764
10
-37.908414895
20
3.738343601
10
-38.013342642
20
3.585305330
10
-38.092782041
20
3.417552515
10
-38.144700782
20
3.239290991
10
-38.167755320
20
3.055002255
10
-38.168655520
20
2.869057565
10
-38.168261111
20
2.683098070
10
-38.167866702
20
2.497144081
10
-38.167472293
20
2.311195599
10
-38.167077885
20
2.125252623
10
-38.166683476
20
1.939315154
10
-38.166289067
20
1.753383191
10
-38.165894658
20
1.567456735
10
-38.165500249
20
1.381535785
10
-38.165105840
20
1.195620342
10
-38.164711431
20
1.009710405
10
-38.164317022
20
0.823805975
10
-38.163922614
20
0.637907051
10
-38.163528205
20
0.452013633
10
-38.163133796
20
0.266125723
10
-38.162739387
20
0.080243318
10
-38.162344978
20
-0.105633580
10
-38.161950569
20
-0.291504971
10
-38.161556160
20
-0.477370856
10
-38.161161752
20
-0.663231234
10
-38.160767343
20
-0.849086106
10
-38.160372934
20
-1.034935472
10
-38.159978525
20
-1.220779331
10
-38.159584116
20
-1.406617683
10
-38.159189707
20
-1.592450529
10
-38.158795298
20
-1.778277869
10
-38.158400889
20
-1.964099702
10
-38.158006481
20
-2.149916028
10
-38.157612072
20
-2.335726848
10
-38.157217663
20
-2.521532162
10
-38.156823254
20
-2.707331969
10
-38.156428845
20
-2.893126269
10
-38.153341969
20
-3.078853788
10
-38.125457865
20
-3.262389914
10
-38.068523621
20
-3.439146571
10
-37.983973917
20
-3.604546646
10
-37.873961850
20
-3.754295160
10
-37.741305923
20
-3.884491681
10
-37.589419481
20
-3.991733074
10
-37.422224333
20
-4.073203871
10
-37.244050684
20
-4.126751807
10
-37.059525906
20
-4.150946472
10
-36.873199140
20
-4.152090348
10
-36.686851381
20
-4.151695939
10
-36.500509129
20
-4.151301530
10
-36.314172383
20
-4.150907121
10
-36.127841144
20
-4.150512712
10
-35.941515411
20
-4.150118303
10
-35.755195185
20
-4.149723894
10
-35.568880465
20
-4.149329486
10
-35.382571252
20
-4.148935077
10
-35.196267545
20
-4.148540668
10
-35.009969345
20
-4.148146259
10
-34.823676651
20
-4.147751850
10
-34.637389464
20
-4.147357441
10
-34.451107783
20
-4.146963032
10
-34.264831609
20
-4.146568623
10
-34.078560941
20
-4.146174215
10
-33.892295780
20
-4.145779806
10
-33.706036125
20
-4.145385397
10
-33.519781977
20
-4.144990988
10
-33.333533335
20
-4.144596579
10
-33.147290200
20
-4.144202170
10
-32.961052571
20
-4.143807761
10
-32.774820449
20
-4.143413353
10
-32.588593833
20
-4.143018944
10
-32.402372723
20
-4.142624535
10
-32.216157120
20
-4.142230126
10
-32.029947024
20
-4.141835717
10
-31.843742434
20
-4.141441308
10
-31.657543351
20
-4.141046899
10
-31.471349774
20
-4.140652490
10
-31.285161703
20
-4.140258082
10
-31.098979139
20
-4.139863673
10
-30.912802082
20
-4.139469264
10
-30.726630531
20
-4.139074855
10
-30.540464486
20
-4.138680446
10
-30.354303948
20
-4.138286037
10
-30.168148917
20
-4.137891628
10
-29.981999392
20
-4.137497220
10
-29.795855373
20
-4.137102811
10
-29.609716861
20
-4.136708402
10
-29.423583856
20
-4.136313993
10
-29.237456357
20
-4.135919584
10
-29.051334364
20
-4.135525175
10
-28.865217878
20
-4.135130766
10
-28.679106899
20
-4.134736357
10
-28.493001425
20
-4.134341949
10
-28.306901459
20
-4.133947540
10
-28.120806999
20
-4.133553131
10
-27.934718045
20
-4.133158722
10
-27.748634598
20
-4.132764313
10
-27.562556657
20
-4.132369904
10
-27.376484223
20
-4.131975495
10
-27.190417296
20
-4.131581087
10
-27.004355874
20
-4.131186678
10
-26.818299960
20
-4.130792269
10
-26.632249552
20
-4.130397860
10
-26.446204650
20
-4.130003451
10
-26.260165255
20
-4.129609042
0
LWPOLYLINE
100
AcDbEntity
8
COPPER_L1_TOP
100
AcDbPolyline
90
220
70
0
38
0.000000000
10
-26.260165255
20
-4.129609042
10
-26.074131366
20
-4.129214633
10
-25.888102984
20
-4.128820224
10
-25.702080108
20
-4.128425816
10
-25.516062739
20
-4.128031407
10
-25.330050876
20
-4.127636998
10
-25.144044520
20
-4.127242589
10
-24.958043670
20
-4.126848180
10
-24.772048327
20
-4.126453771
10
-24.586058490
20
-4.126059362
10
-24.400074159
20
-4.125664954
10
-24.214095336
20
-4.125270545
10
-24.028122018
20
-4.124876136
10
-23.842154207
20
-4.124481727
10
-23.656191903
20
-4.124087318
10
-23.470235105
20
-4.123692909
10
-23.284283814
20
-4.123298500
10
-23.098338029
20
-4.122904091
10
-22.912397751
20
-4.122509683
10
-22.726462979
20
-4.122115274
10
-22.540533713
20
-4.121720865
10
-22.354609954
20
-4.121326456
10
-22.168691702
20
-4.120932047
10
-21.982778956
20
-4.120537638
10
-21.796871716
20
-4.120143229
10
-21.610969984
20
-4.119748821
10
-21.425073757
20
-4.119354412
10
-21.239183037
20
-4.118960003
10
-21.053297824
20
-4.118565594
10
-20.867418117
20
-4.118171185
10
-20.681543916
20
-4.117776776
10
-20.495675222
20
-4.117382367
10
-20.309812035
20
-4.116987959
10
-20.123954353
20
-4.116593550
10
-19.938102179
20
-4.116199141
10
-19.752255511
20
-4.115804732
10
-19.566414349
20
-4.115410323
10
-19.380578694
20
-4.115015914
10
-19.194748546
20
-4.114621505
10
-19.008923903
20
-4.114227096
10
-18.823104768
20
-4.113832688
10
-18.637291139
20
-4.113438279
10
-18.451483016
20
-4.113043870
10
-18.265680400
20
-4.112649461
10
-18.079883290
20
-4.112255052
10
-17.894091687
20
-4.111860643
10
-17.708305590
20
-4.111466234
10
-17.522525000
20
-4.111071826
10
-17.336749917
20
-4.110677417
10
-17.150980339
20
-4.110283008
10
-16.965216269
20
-4.109888599
10
-16.779457704
20
-4.109494190
10
-16.593704647
20
-4.109099781
10
-16.407957095
20
-4.108705372
10
-16.222215051
20
-4.108310963
10
-16.036478512
20
-4.107916555
10
-15.850747481
20
-4.107522146
10
-15.665021955
20
-4.107127737
10
-15.479301937
20
-4.106733328
10
-15.293587424
20
-4.106338919
10
-15.107878418
20
-4.105944510
10
-14.922174919
20
-4.105550101
10
-14.736476926
20
-4.105155693
10
-14.550784440
20
-4.104761284
10
-14.365097460
20
-4.104366875
10
-14.179415987
20
-4.103972466
10
-13.993740020
20
-4.103578057
10
-13.808069559
20
-4.103183648
10
-13.622404606
20
-4.102789239
10
-13.436745158
20
-4.102394830
10
-13.251091217
20
-4.102000422
10
-13.065442783
20
-4.101606013
10
-12.879799855
20
-4.101211604
10
-12.694162433
20
-4.100817195
10
-12.508530518
20
-4.100422786
10
-12.322904110
20
-4.100028377
10
-12.137283208
20
-4.099633968
10
-11.951667813
20
-4.099239560
10
-11.766057924
20
-4.098845151
10
-11.580453541
20
-4.098450742
10
-11.394854665
20
-4.098056333
10
-11.209261296
20
-4.097661924
10
-11.023673432
20
-4.097267515
10
-10.838091076
20
-4.096873106
10
-10.652514226
20
-4.096478697
10
-10.466942882
20
-4.096084289
10
-10.281377045
20
-4.095689880
10
-10.095816715
20
-4.095295471
10
-9.910261891
20
-4.094901062
10
-9.724712573
20
-4.094506653
10
-9.539168762
20
-4.094112244
10
-9.353630457
20
-4.093717835
10
-9.168097659
20
-4.093323427
10
-8.982570367
20
-4.092929018
10
-8.797048582
20
-4.092534609
10
-8.611532304
20
-4.092140200
10
-8.426021531
20
-4.091745791
10
-8.240516266
20
-4.091351382
10
-8.055016507
20
-4.090956973
10
-7.869522254
20
-4.090562564
10
-7.684033508
20
-4.090168156
10
-7.498550268
20
-4.089773747
10
-7.313072535
20
-4.089379338
10
-7.127600308
20
-4.088984929
10
-6.942133588
20
-4.088590520
10
-6.756672374
20
-4.088196111
10
-6.571216667
20
-4.087801702
10
-6.385766466
20
-4.087407294
10
-6.200321771
20
-4.087012885
10
-6.014882584
20
-4.086618476
10
-5.829448902
20
-4.086224067
10
-5.644020728
20
-4.085829658
10
-5.458598059
20
-4.085435249
10
-5.273180897
20
-4.085040840
10
-5.087769242
20
-4.084646431
10
-4.902363093
20
-4.084252023
10
-4.716962451
20
-4.083857614
10
-4.531567315
20
-4.083463205
10
-4.346177685
20
-4.083068796
10
-4.160793563
20
-4.082674387
10
-3.975414946
20
-4.082279978
10
-3.790041836
20
-4.081885569
10
-3.604674233
20
-4.081491161
10
-3.419312136
20
-4.081096752
10
-3.233955545
20
-4.080702343
10
-3.048604461
20
-4.080307934
10
-2.863258884
20
-4.079913525
10
-2.677918813
20
-4.079519116
10
-2.492584248
20
-4.079124707
10
-2.307255190
20
-4.078730298
10
-2.121931639
20
-4.078335890
10
-1.936613594
20
-4.077941481
10
-1.751301055
20
-4.077547072
10
-1.565994023
20
-4.077152663
10
-1.380692498
20
-4.076758254
10
-1.195396479
20
-4.076363845
10
-1.010105966
20
-4.075969436
10
-0.824820960
20
-4.075575028
10
-0.639541460
20
-4.075180619
10
-0.454267467
20
-4.074786210
10
-0.268998981
20
-4.074391801
10
-0.083736000
20
-4.073997392
10
0.101521473
20
-4.073602983
10
0.286773440
20
-4.073208574
10
0.472019901
20
-4.072814166
10
0.657260855
20
-4.072419757
10
0.842496303
20
-4.072025348
10
1.027726244
20
-4.071630939
10
1.212950679
20
-4.071236530
10
1.398169607
20
-4.070842121
10
1.583383029
20
-4.070447712
10
1.768590944
20
-4.070053303
10
1.953793353
20
-4.069658895
10
2.138990255
20
-4.069264486
10
2.324181651
20
-4.068870077
10
2.509367540
20
-4.068475668
10
2.694547923
20
-4.068081259
10
2.879722799
20
-4.067686850
10
3.064892169
20
-4.067292441
10
3.250056032
20
-4.066898033
10
3.435214389
20
-4.066503624
10
3.620367239
20
-4.066109215
10
3.805514583
20
-4.065714806
10
3.990656421
20
-4.065320397
10
4.175792751
20
-4.064925988
10
4.360923576
20
-4.064531579
10
4.546048894
20
-4.064137170
10
4.731168705
20
-4.063742762
10
4.916283010
20
-4.063348353
10
5.101391808
20
-4.062953944
10
5.286495100
20
-4.062559535
10
5.471592886
20
-4.062165126
10
5.656685165
20
-4.061770717
10
5.841771937
20
-4.061376308
10
6.026853203
20
-4.060981900
10
6.211928963
20
-4.060587491
10
6.396999216
20
-4.060193082
10
6.582063962
20
-4.059798673
10
6.767123202
20
-4.059404264
10
6.952176936
20
-4.059009855
10
7.137225163
20
-4.058615446
10
7.322267883
20
-4.058221037
10
7.507305097
20
-4.057826629
10
7.692336805
20
-4.057432220
10
7.877363006
20
-4.057037811
10
8.062383700
20
-4.056643402
10
8.247398888
20
-4.056248993
10
8.432408570
20
-4.055854584
10
8.617412745
20
-4.055460175
10
8.802411414
20
-4.055065767
10
8.987404576
20
-4.054671358
10
9.172392231
20
-4.054276949
10
9.357374381
20
-4.053882540
10
9.542351023
20
-4.053488131
10
9.727322159
20
-4.053093722
10
9.912287789
20
-4.052699313
10
10.097247912
20
-4.052304904
10
10.282202529
20
-4.051910496
10
10.467151639
20
-4.051516087
10
10.652095243
20
-4.051121678
10
10.837033340
20
-4.050727269
10
11.021965931
20
-4.050332860
10
11.206893015
20
-4.049938451
10
11.391814593
20
-4.049544042
10
11.576730664
20
-4.049149634
10
11.761641229
20
-4.048755225
10
11.946546287
20
-4.048360816
10
12.131445839
20
-4.047966407
10
12.316339884
20
-4.047571998
10
12.501228423
20
-4.047177589
10
12.686111455
20
-4.046783180
10
12.870988981
20
-4.046388771
10
13.055861001
20
-4.045994363
10
13.240727514
20
-4.045599954
10
13.425588520
20
-4.045205545
10
13.610444020
20
-4.044811136
10
13.795294013
20
-4.044416727
10
13.980138500
20
-4.044022318
10
14.164977480
20
-4.043627909
10
14.349810954
20
-4.043233501
0
LWPOLYLINE
100
AcDbEntity
8
COPPER_L1_TOP
100
AcDbPolyline
90
220
70
0
38
0.000000000
10
14.349810954
20
-4.043233501
10
14.534638922
20
-4.042839092
10
14.719461383
20
-4.042444683
10
14.904278337
20
-4.042050274
10
15.089089785
20
-4.041655865
10
15.273895727
20
-4.041261456
10
15.458696162
20
-4.040867047
10
15.643491090
20
-4.040472638
10
15.828280512
20
-4.040078230
10
16.013064428
20
-4.039683821
10
16.197842837
20
-4.039289412
10
16.382615739
20
-4.038895003
10
16.567383135
20
-4.038500594
10
16.752145025
20
-4.038106185
10
16.936901408
20
-4.037711776
10
17.121652284
20
-4.037317368
10
17.306397654
20
-4.036922959
10
17.491137518
20
-4.036528550
10
17.675871875
20
-4.036134141
10
17.860600726
20
-4.035739732
10
18.045324070
20
-4.035345323
10
18.230041907
20
-4.034950914
10
18.414754239
20
-4.034556505
10
18.599461063
20
-4.034162097
10
18.784162381
20
-4.033767688
10
18.968858193
20
-4.033373279
10
19.153548498
20
-4.032978870
10
19.338233297
20
-4.032584461
10
19.522912589
20
-4.032190052
10
19.707586375
20
-4.031795643
10
19.892254654
20
-4.031401235
10
20.076917427
20
-4.031006826
10
20.261574693
20
-4.030612417
10
20.446226453
20
-4.030218008
10
20.630872706
20
-4.029823599
10
20.815513453
20
-4.029429190
10
21.000148693
20
-4.029034781
10
21.184778427
20
-4.028640372
10
21.369402654
20
-4.028245964
10
21.554021375
20
-4.027851555
10
21.738634589
20
-4.027457146
10
21.923242297
20
-4.027062737
10
22.107844498
20
-4.026668328
10
22.292441193
20
-4.026273919
10
22.477032382
20
-4.025879510
10
22.661618064
20
-4.025485102
10
22.846198239
20
-4.025090693
10
23.030772908
20
-4.024696284
10
23.215342070
20
-4.024301875
10
23.399905726
20
-4.023907466
10
23.584463876
20
-4.023513057
10
23.769016519
20
-4.023118648
10
23.953563655
20
-4.022724240
10
24.138105285
20
-4.022329831
10
24.322641408
20
-4.021935422
10
24.507172025
20
-4.021541013
10
24.691697136
20
-4.021146604
10
24.876216740
20
-4.020752195
10
25.060730837
20
-4.020357786
10
25.245239428
20
-4.019963377
10
25.429742513
20
-4.019568969
10
25.614240091
20
-4.019174560
10
25.798732162
20
-4.018780151
10
25.983218727
20
-4.018385742
10
26.167699786
20
-4.017991333
10
26.352175338
20
-4.017596924
10
26.536645384
20
-4.017202515
10
26.721109923
20
-4.016808107
10
26.905568955
20
-4.016413698
10
27.090022481
20
-4.016019289
10
27.274470501
20
-4.015624880
10
27.458913014
20
-4.015230471
10
27.643350021
20
-4.014836062
10
27.827781521
20
-4.014441653
10
28.012207515
20
-4.014047244
10
28.196628002
20
-4.013652836
10
28.381042983
20
-4.013258427
10
28.565452457
20
-4.012864018
10
28.749856424
20
-4.012469609
10
28.934254886
20
-4.012075200
10
29.118647840
20
-4.011680791
10
29.303035289
20
-4.011286382
10
29.487417230
20
-4.010891974
10
29.671793666
20
-4.010497565
10
29.856164594
20
-4.010103156
10
30.040530017
20
-4.009708747
10
30.224889932
20
-4.009314338
10
30.409244342
20
-4.008919929
10
30.593593245
20
-4.008525520
10
30.777936641
20
-4.008131111
10
30.962274531
20
-4.007736703
10
31.146606914
20
-4.007342294
10
31.330933791
20
-4.006947885
10
31.515255161
20
-4.006553476
10
31.699571025
20
-4.006159067
10
31.883881382
20
-4.005764658
10
32.068186233
20
-4.005370249
10
32.252485578
20
-4.004975841
10
32.436779416
20
-4.004581432
10
32.621067747
20
-4.004187023
10
32.805350572
20
-4.003792614
10
32.989627890
20
-4.003398205
10
33.173899702
20
-4.003003796
10
33.358166008
20
-4.002609387
10
33.542426807
20
-4.002214978
10
33.726682099
20
-4.001820570
10
33.910931885
20
-4.001426161
10
34.095176165
20
-4.001031752
10
34.279414938
20
-4.000637343
10
34.463648204
20
-4.000242934
10
34.647875964
20
-3.999848525
10
34.832098218
20
-3.999454116
10
35.016314965
20
-3.999059708
10
35.200526205
20
-3.998665299
10
35.384731939
20
-3.998270890
10
35.568932167
20
-3.997876481
10
35.753126888
20
-3.997482072
10
35.937316103
20
-3.997087663
10
36.121499811
20
-3.996693254
10
36.305678012
20
-3.996298845
10
36.489850708
20
-3.995904437
10
36.674017896
20
-3.995510028
10
36.858179578
20
-3.995115619
10
37.042322974
20
-3.993820432
10
37.224533027
20
-3.968643746
10
37.399049547
20
-3.910308222
10
37.559877745
20
-3.820764665
10
37.701474824
20
-3.703041415
10
37.818942671
20
-3.561145085
10
37.908199520
20
-3.399926987
10
37.966124477
20
-3.224919599
10
37.990669731
20
-3.042148506
10
37.991171530
20
-2.857435056
10
37.990777121
20
-2.672714409
10
37.990382712
20
-2.487999269
10
37.989988304
20
-2.303289635
10
37.989593895
20
-2.118585508
10
37.989199486
20
-1.933886887
10
37.988805077
20
-1.749193773
10
37.988410668
20
-1.564506165
10
37.988016259
20
-1.379824064
10
37.987621850
20
-1.195147469
10
37.987227442
20
-1.010476381
10
37.986833033
20
-0.825810799
10
37.986438624
20
-0.641150723
10
37.986044215
20
-0.456496154
10
37.985649806
20
-0.271847092
10
37.985255397
20
-0.087203536
10
37.984860988
20
0.097434513
10
37.984466579
20
0.282067056
10
37.984072171
20
0.466694093
10
37.983677762
20
0.651315623
10
37.983283353
20
0.835931646
10
37.982888944
20
1.020542163
10
37.982494535
20
1.205147173
10
37.982100126
20
1.389746677
10
37.981705717
20
1.574340675
10
37.981311309
20
1.758929166
10
37.980916900
20
1.943512150
10
37.980522491
20
2.128089628
10
37.980128082
20
2.312661600
10
37.979733673
20
2.497228065
10
37.979339264
20
2.681789024
10
37.978944855
20
2.866344476
10
37.977227235
20
3.050871479
10
37.949957901
20
3.233172083
10
37.888943372
20
3.407182371
10
37.796303494
20
3.566698710
10
37.675291602
20
3.706014962
10
37.530183633
20
3.820128460
10
37.366129990
20
3.904922107
10
37.188975169
20
3.957315882
10
37.005051384
20
3.975382095
10
36.819931484
20
3.975000767
10
36.634817067
20
3.974606358
10
36.449708157
20
3.974211949
10
36.264604753
20
3.973817540
10
36.079506856
20
3.973423131
10
35.894414465
20
3.973028722
10
35.709327581
20
3.972634314
10
35.524246203
20
3.972239905
10
35.339170332
20
3.971845496
10
35.154099967
20
3.971451087
10
34.969035109
20
3.971056678
10
34.783975757
20
3.970662269
10
34.598921912
20
3.970267860
10
34.413873573
20
3.969873451
10
34.228830741
20
3.969479043
10
34.043793415
20
3.969084634
10
33.858761596
20
3.968690225
10
33.673735283
20
3.968295816
10
33.488714477
20
3.967901407
10
33.303699177
20
3.967506998
10
33.118689384
20
3.967112589
10
32.933685097
20
3.966718181
10
32.748686316
20
3.966323772
10
32.563693042
20
3.965929363
10
32.378705275
20
3.965534954
10
32.193723014
20
3.965140545
10
32.008746260
20
3.964746136
10
31.823775012
20
3.964351727
10
31.638809270
20
3.963957318
10
31.453849035
20
3.963562910
10
31.268894307
20
3.963168501
10
31.083945085
20
3.962774092
10
30.899001369
20
3.962379683
10
30.714063160
20
3.961985274
10
30.529130458
20
3.961590865
10
30.344203262
20
3.961196456
10
30.159281572
20
3.960802048
10
29.974365389
20
3.960407639
10
29.789454713
20
3.960013230
10
29.604549543
20
3.959618821
10
29.419649879
20
3.959224412
10
29.234755722
20
3.958830003
10
29.049867072
20
3.958435594
10
28.864983928
20
3.958041185
10
28.680106290
20
3.957646777
10
28.495234159
20
3.957252368
10
28.310367534
20
3.956857959
0
LWPOLYLINE
100
AcDbEntity
8
COPPER_L1_TOP
100
AcDbPolyline
90
220
70
0
38
0.000000000
10
28.310367534
20
3.956857959
10
28.125506416
20
3.956463550
10
27.940650804
20
3.956069141
10
27.755800699
20
3.955674732
10
27.570956101
20
3.955280323
10
27.386117008
20
3.954885915
10
27.201283423
20
3.954491506
10
27.016455344
20
3.954097097
10
26.831632771
20
3.953702688
10
26.646815705
20
3.953308279
10
26.462004145
20
3.952913870
10
26.277198092
20
3.952519461
10
26.092397545
20
3.952125052
10
25.907602505
20
3.951730644
10
25.722812971
20
3.951336235
10
25.538028944
20
3.950941826
10
25.353250423
20
3.950547417
10
25.168477409
20
3.950153008
10
24.983709901
20
3.949758599
10
24.798947899
20
3.949364190
10
24.614191405
20
3.948969782
10
24.429440416
20
3.948575373
10
24.244694935
20
3.948180964
10
24.059954959
20
3.947786555
10
23.875220490
20
3.947392146
10
23.690491528
20
3.946997737
10
23.505768072
20
3.946603328
10
23.321050123
20
3.946208919
10
23.136337680
20
3.945814511
10
22.951630743
20
3.945420102
10
22.766929313
20
3.945025693
10
22.582233390
20
3.944631284
10
22.397542973
20
3.944236875
10
22.212858063
20
3.943842466
10
22.028178659
20
3.943448057
10
21.843504761
20
3.943053649
10
21.658836370
20
3.942659240
10
21.474173486
20
3.942264831
10
21.289516108
20
3.941870422
10
21.104864236
20
3.941476013
10
20.920217871
20
3.941081604
10
20.735577013
20
3.940687195
10
20.550941661
20
3.940292786
10
20.366311815
20
3.939898378
10
20.181687476
20
3.939503969
10
19.997068643
20
3.939109560
10
19.812455317
20
3.938715151
10
19.627847498
20
3.938320742
10
19.443245185
20
3.937926333
10
19.258648378
20
3.937531924
10
19.074057078
20
3.937137516
10
18.889471284
20
3.936743107
10
18.704890997
20
3.936348698
10
18.520316216
20
3.935954289
10
18.335746942
20
3.935559880
10
18.151183175
20
3.935165471
10
17.966624913
20
3.934771062
10
17.782072159
20
3.934376653
10
17.597524911
20
3.933982245
10
17.412983169
20
3.933587836
10
17.228446934
20
3.933193427
10
17.043916205
20
3.932799018
10
16.859390983
20
3.932404609
10
16.674871267
20
3.932010200
10
16.490357058
20
3.931615791
10
16.305848355
20
3.931221383
10
16.121345159
20
3.930826974
10
15.936847469
20
3.930432565
10
15.752355285
20
3.930038156
10
15.567868609
20
3.929643747
10
15.383387438
20
3.929249338
10
15.198911774
20
3.928854929
10
15.014441617
20
3.928460521
10
14.829976966
20
3.928066112
10
14.645517822
20
3.927671703
10
14.461064184
20
3.927277294
10
14.276616053
20
3.926882885
10
14.092173428
20
3.926488476
10
13.907736309
20
3.926094067
10
13.723304697
20
3.925699658
10
13.538878592
20
3.925305250
10
13.354457993
20
3.924910841
10
13.170042901
20
3.924516432
10
12.985633315
20
3.924122023
10
12.801229235
20
3.923727614
10
12.616830662
20
3.923333205
10
12.432437596
20
3.922938796
10
12.248050036
20
3.922544388
10
12.063667982
20
3.922149979
10
11.879291435
20
3.921755570
10
11.694920395
20
3.921361161
10
11.510554861
20
3.920966752
10
11.326194833
20
3.920572343
10
11.141840312
20
3.920177934
10
10.957491297
20
3.919783525
10
10.773147789
20
3.919389117
10
10.588809788
20
3.918994708
10
10.404477293
20
3.918600299
10
10.220150304
20
3.918205890
10
10.035828822
20
3.917811481
10
9.851512846
20
3.917417072
10
9.667202377
20
3.917022663
10
9.482897415
20
3.916628255
10
9.298597958
20
3.916233846
10
9.114304009
20
3.915839437
10
8.930015566
20
3.915445028
10
8.745732629
20
3.915050619
10
8.561455199
20
3.914656210
10
8.377183275
20
3.914261801
10
8.192916858
20
3.913867392
10
8.008655947
20
3.913472984
10
7.824400543
20
3.913078575
10
7.640150645
20
3.912684166
10
7.455906254
20
3.912289757
10
7.271667369
20
3.911895348
10
7.087433991
20
3.911500939
10
6.903206119
20
3.911106530
10
6.718983754
20
3.910712122
10
6.534766895
20
3.910317713
10
6.350555543
20
3.909923304
10
6.166349697
20
3.909528895
10
5.982149357
20
3.909134486
10
5.797954525
20
3.908740077
10
5.613765198
20
3.908345668
10
5.429581378
20
3.907951259
10
5.245403065
20
3.907556851
10
5.061230258
20
3.907162442
10
4.877062958
20
3.906768033
10
4.692901164
20
3.906373624
10
4.508744876
20
3.905979215
10
4.324594095
20
3.905584806
10
4.140448821
20
3.905190397
10
3.956309053
20
3.904795989
10
3.772174792
20
3.904401580
10
3.588046037
20
3.904007171
10
3.403922788
20
3.903612762
10
3.219805046
20
3.903218353
10
3.035692811
20
3.902823944
10
2.851586082
20
3.902429535
10
2.667484859
20
3.902035126
10
2.483389143
20
3.901640718
10
2.299298934
20
3.901246309
10
2.115214230
20
3.900851900
10
1.931135034
20
3.900457491
10
1.747061344
20
3.900063082
10
1.562993160
20
3.899668673
10
1.378930483
20
3.899274264
10
1.194873313
20
3.898879856
10
1.010821648
20
3.898485447
10
0.826775491
20
3.898091038
10
0.642734840
20
3.897696629
10
0.458699695
20
3.897302220
10
0.274670057
20
3.896907811
10
0.090645925
20
3.896513402
10
-0.093372700
20
3.896118993
10
-0.277385819
20
3.895724585
10
-0.461393431
20
3.895330176
10
-0.645395536
20
3.894935767
10
-0.829392136
20
3.894541358
10
-1.013383228
20
3.894146949
10
-1.197368815
20
3.893752540
10
-1.381348894
20
3.893358131
10
-1.565323468
20
3.892963723
10
-1.749292534
20
3.892569314
10
-1.933256095
20
3.892174905
10
-2.117214148
20
3.891780496
10
-2.301166696
20
3.891386087
10
-2.485113737
20
3.890991678
10
-2.669055271
20
3.890597269
10
-2.852991299
20
3.890202860
10
-3.036921820
20
3.889808452
10
-3.220846835
20
3.889414043
10
-3.404766343
20
3.889019634
10
-3.588680345
20
3.888625225
10
-3.772588840
20
3.888230816
10
-3.956491829
20
3.887836407
10
-4.140389312
20
3.887441998
10
-4.324281288
20
3.887047590
10
-4.508167757
20
3.886653181
10
-4.692048720
20
3.886258772
10
-4.875924176
20
3.885864363
10
-5.059794126
20
3.885469954
10
-5.243658570
20
3.885075545
10
-5.427517507
20
3.884681136
10
-5.611370937
20
3.884286727
10
-5.795218861
20
3.883892319
10
-5.979061279
20
3.883497910
10
-6.162898190
20
3.883103501
10
-6.346729594
20
3.882709092
10
-6.530555492
20
3.882314683
10
-6.714375884
20
3.881920274
10
-6.898190769
20
3.881525865
10
-7.082000147
20
3.881131457
10
-7.265804019
20
3.880737048
10
-7.449602385
20
3.880342639
10
-7.633395244
20
3.879948230
10
-7.817182597
20
3.879553821
10
-8.000964443
20
3.879159412
10
-8.184740782
20
3.878765003
10
-8.368511616
20
3.878370595
10
-8.552276942
20
3.877976186
10
-8.736036762
20
3.877581777
10
-8.919791076
20
3.877187368
10
-9.103539883
20
3.876792959
10
-9.287283184
20
3.876398550
10
-9.471020978
20
3.876004141
10
-9.654753266
20
3.875609732
10
-9.838480047
20
3.875215324
10
-10.022201322
20
3.874820915
10
-10.205917090
20
3.874426506
10
-10.389627352
20
3.874032097
10
-10.573332107
20
3.873637688
10
-10.757031356
20
3.873243279
10
-10.940725098
20
3.872848870
10
-11.124413334
20
3.872454462
10
-11.308096063
20
3.872060053
10
-11.491773286
20
3.871665644
10
-11.675445002
20
3.871271235
10
-11.859111212
20
3.870876826
10
-12.042771915
20
3.870482417
0
LWPOLYLINE
100
AcDbEntity
8
COPPER_L1_TOP
100
AcDbPolyline
90
220
70
0
38
0.000000000
10
-12.042771915
20
3.870482417
10
-12.226427112
20
3.870088008
10
-12.410076802
20
3.869693599
10
-12.593720986
20
3.869299191
10
-12.777359664
20
3.868904782
10
-12.960992834
20
3.868510373
10
-13.144620499
20
3.868115964
10
-13.328242657
20
3.867721555
10
-13.511859308
20
3.867327146
10
-13.695470453
20
3.866932737
10
-13.879076091
20
3.866538329
10
-14.062676223
20
3.866143920
10
-14.246270849
20
3.865749511
10
-14.429859968
20
3.865355102
10
-14.613443580
20
3.864960693
10
-14.797021686
20
3.864566284
10
-14.980594286
20
3.864171875
10
-15.164161379
20
3.863777466
10
-15.347722965
20
3.863383058
10
-15.531279045
20
3.862988649
10
-15.714829619
20
3.862594240
10
-15.898374686
20
3.862199831
10
-16.081914246
20
3.861805422
10
-16.265448300
20
3.861411013
10
-16.448976848
20
3.861016604
10
-16.632499889
20
3.860622196
10
-16.816017424
20
3.860227787
10
-16.999529452
20
3.859833378
10
-17.183035973
20
3.859438969
10
-17.366536988
20
3.859044560
10
-17.550032497
20
3.858650151
10
-17.733522499
20
3.858255742
10
-17.917006995
20
3.857861333
10
-18.100485984
20
3.857466925
10
-18.283959467
20
3.857072516
10
-18.467427443
20
3.856678107
10
-18.650889913
20
3.856283698
10
-18.834346876
20
3.855889289
10
-19.017798332
20
3.855494880
10
-19.201244283
20
3.855100471
10
-19.384684726
20
3.854706063
10
-19.568119664
20
3.854311654
10
-19.751549094
20
3.853917245
10
-19.934973019
20
3.853522836
10
-20.118391436
20
3.853128427
10
-20.301804348
20
3.852734018
10
-20.485211752
20
3.852339609
10
-20.668613651
20
3.851945200
10
-20.852010043
20
3.851550792
10
-21.035400928
20
3.851156383
10
-21.218786307
20
3.850761974
10
-21.402166179
20
3.850367565
10
-21.585540545
20
3.849973156
10
-21.768909404
20
3.849578747
10
-21.952272757
20
3.849184338
10
-22.135630604
20
3.848789930
10
-22.318982943
20
3.848395521
10
-22.502329777
20
3.848001112
10
-22.685671104
20
3.847606703
10
-22.869006924
20
3.847212294
10
-23.052337238
20
3.846817885
10
-23.235662045
20
3.846423476
10
-23.418981346
20
3.846029067
10
-23.602295141
20
3.845634659
10
-23.785603429
20
3.845240250
10
-23.968906210
20
3.844845841
10
-24.152203485
20
3.844451432
10
-24.335495254
20
3.844057023
10
-24.518781516
20
3.843662614
10
-24.702062271
20
3.843268205
10
-24.885337520
20
3.842873797
10
-25.068607263
20
3.842479388
10
-25.251871499
20
3.842084979
10
-25.435130229
20
3.841690570
10
-25.618383452
20
3.841296161
10
-25.801631168
20
3.840901752
10
-25.984873378
20
3.840507343
10
-26.168110082
20
3.840112934
10
-26.351341279
20
3.839718526
10
-26.534566970
20
3.839324117
10
-26.717787154
20
3.838929708
10
-26.901001831
20
3.838535299
10
-27.084211003
20
3.838140890
10
-27.267414667
20
3.837746481
10
-27.450612825
20
3.837352072
10
-27.633805477
20
3.836957664
10
-27.816992622
20
3.836563255
10
-28.000174261
20
3.836168846
10
-28.183350393
20
3.835774437
10
-28.366521019
20
3.835380028
10
-28.549686138
20
3.834985619
10
-28.732845751
20
3.834591210
10
-28.915999857
20
3.834196801
10
-29.099148457
20
3.833802393
10
-29.282291550
20
3.833407984
10
-29.465429137
20
3.833013575
10
-29.648561217
20
3.832619166
10
-29.831687791
20
3.832224757
10
-30.014808858
20
3.831830348
10
-30.197924419
20
3.831435939
10
-30.381034473
20
3.831041531
10
-30.564139021
20
3.830647122
10
-30.747238063
20
3.830252713
10
-30.930331598
20
3.829858304
10
-31.113419626
20
3.829463895
10
-31.296502148
20
3.829069486
10
-31.479579163
20
3.828675077
10
-31.662650672
20
3.828280669
10
-31.845716675
20
3.827886260
10
-32.028777170
20
3.827491851
10
-32.211832160
20
3.827097442
10
-32.394881643
20
3.826703033
10
-32.577925619
20
3.826308624
10
-32.760964089
20
3.825914215
10
-32.943997053
20
3.825519806
10
-33.127024510
20
3.825125398
10
-33.310046460
20
3.824730989
10
-33.493062904
20
3.824336580
10
-33.676073842
20
3.823942171
10
-33.859079273
20
3.823547762
10
-34.042079197
20
3.823153353
10
-34.225073615
20
3.822758944
10
-34.408062527
20
3.822364536
10
-34.591045932
20
3.821970127
10
-34.774023830
20
3.821575718
10
-34.956996223
20
3.821181309
10
-35.139963108
20
3.820786900
10
-35.322924487
20
3.820392491
10
-35.505880360
20
3.819998082
10
-35.688830726
20
3.819603673
10
-35.871775586
20
3.819209265
10
-36.054714939
20
3.818814856
10
-36.237648785
20
3.818420447
10
-36.420577126
20
3.818026038
10
-36.603499959
20
3.817631629
10
-36.786417286
20
3.817237220
10
-36.969329107
20
3.816842811
10
-37.151354812
20
3.802296526
10
-37.325794828
20
3.748199072
10
-37.483901522
20
3.656612424
10
-37.617707755
20
3.532066196
10
-37.720439250
20
3.380764566
10
-37.786862651
20
3.210282921
10
-37.813558350
20
3.029193005
10
-37.813687540
20
2.845711961
10
-37.813293132
20
2.662230162
10
-37.812898723
20
2.478753871
10
-37.812504314
20
2.295283085
10
-37.812109905
20
2.111817806
10
-37.811715496
20
1.928358034
10
-37.811321087
20
1.744903768
10
-37.810926678
20
1.561455009
10
-37.810532270
20
1.378011756
10
-37.810137861
20
1.194574010
10
-37.809743452
20
1.011141770
10
-37.809349043
20
0.827715036
10
-37.808954634
20
0.644293810
10
-37.808560225
20
0.460878089
10
-37.808165816
20
0.277467875
10
-37.807771407
20
0.094063168
10
-37.807376999
20
-0.089336033
10
-37.806982590
20
-0.272729728
10
-37.806588181
20
-0.456117916
10
-37.806193772
20
-0.639500597
10
-37.805799363
20
-0.822877772
10
-37.805404954
20
-1.006249440
10
-37.805010545
20
-1.189615602
10
-37.804616137
20
-1.372976258
10
-37.804221728
20
-1.556331407
10
-37.803827319
20
-1.739681049
10
-37.803432910
20
-1.923025186
10
-37.803038501
20
-2.106363815
10
-37.802644092
20
-2.289696938
10
-37.802249683
20
-2.473024555
10
-37.801855274
20
-2.656346665
10
-37.801460866
20
-2.839663268
10
-37.800737030
20
-3.022971216
10
-37.774246386
20
-3.204005544
10
-37.707310575
20
-3.374374212
10
-37.603310238
20
-3.525122077
10
-37.467552179
20
-3.648269749
10
-37.307237530
20
-3.737367952
10
-37.130760269
20
-3.787724773
10
-36.947326296
20
-3.798305595
10
-36.763292086
20
-3.797911186
10
-36.579264888
20
-3.797516777
10
-36.395244700
20
-3.797122368
10
-36.211231524
20
-3.796727959
10
-36.027225359
20
-3.796333550
10
-35.843226205
20
-3.795939141
10
-35.659234062
20
-3.795544733
10
-35.475248930
20
-3.795150324
10
-35.291270809
20
-3.794755915
10
-35.107299700
20
-3.794361506
10
-34.923335601
20
-3.793967097
10
-34.739378513
20
-3.793572688
10
-34.555428437
20
-3.793178279
10
-34.371485372
20
-3.792783871
10
-34.187549317
20
-3.792389462
10
-34.003620274
20
-3.791995053
10
-33.819698242
20
-3.791600644
10
-33.635783221
20
-3.791206235
10
-33.451875211
20
-3.790811826
10
-33.267974212
20
-3.790417417
10
-33.084080224
20
-3.790023008
10
-32.900193247
20
-3.789628600
10
-32.716313282
20
-3.789234191
10
-32.532440327
20
-3.788839782
10
-32.348574383
20
-3.788445373
10
-32.164715451
20
-3.788050964
10
-31.980863530
20
-3.787656555
10
-31.797018619
20
-3.787262146
10
-31.613180720
20
-3.786867738
10
-31.429349832
20
-3.786473329
10
-31.245525955
20
-3.786078920
10
-31.061709089
20
-3.785684511
10
-30.877899234
20
-3.785290102
10
-30.694096390
20
-3.784895693
10
-30.510300558
20
-3.784501284
10
-30.326511736
20
-3.784106876
0
LWPOLYLINE
100
AcDbEntity
8
COPPER_L1_TOP
100
AcDbPolyline
90
220
70
0
38
0.000000000
10
-30.326511736
20
-3.784106876
10
-30.142729926
20
-3.783712467
10
-29.958955126
20
-3.783318058
10
-29.775187338
20
-3.782923649
10
-29.591426560
20
-3.782529240
10
-29.407672794
20
-3.782134831
10
-29.223926039
20
-3.781740422
10
-29.040186295
20
-3.781346013
10
-28.856453562
20
-3.780951605
10
-28.672727840
20
-3.780557196
10
-28.489009129
20
-3.780162787
10
-28.305297429
20
-3.779768378
10
-28.121592741
20
-3.779373969
10
-27.937895063
20
-3.778979560
10
-27.754204397
20
-3.778585151
10
-27.570520741
20
-3.778190743
10
-27.386844097
20
-3.777796334
10
-27.203174464
20
-3.777401925
10
-27.019511842
20
-3.777007516
10
-26.835856230
20
-3.776613107
10
-26.652207630
20
-3.776218698
10
-26.468566041
20
-3.775824289
10
-26.284931464
20
-3.775429880
10
-26.101303897
20
-3.775035472
10
-25.917683341
20
-3.774641063
10
-25.734069797
20
-3.774246654
10
-25.550463263
20
-3.773852245
10
-25.366863741
20
-3.773457836
10
-25.183271229
20
-3.773063427
10
-24.999685729
20
-3.772669018
10
-24.816107240
20
-3.772274610
10
-24.632535762
20
-3.771880201
10
-24.448971295
20
-3.771485792
10
-24.265413839
20
-3.771091383
10
-24.081863394
20
-3.770696974
10
-23.898319960
20
-3.770302565
10
-23.714783537
20
-3.769908156
10
-23.531254125
20
-3.769513747
10
-23.347731725
20
-3.769119339
10
-23.164216335
20
-3.768724930
10
-22.980707957
20
-3.768330521
10
-22.797206590
20
-3.767936112
10
-22.613712233
20
-3.767541703
10
-22.430224888
20
-3.767147294
10
-22.246744554
20
-3.766752885
10
-22.063271231
20
-3.766358477
10
-21.879804919
20
-3.765964068
10
-21.696345619
20
-3.765569659
10
-21.512893329
20
-3.765175250
10
-21.329448050
20
-3.764780841
10
-21.146009782
20
-3.764386432
10
-20.962578526
20
-3.763992023
10
-20.779154281
20
-3.763597614
10
-20.595737046
20
-3.763203206
10
-20.412326823
20
-3.762808797
10
-20.228923611
20
-3.762414388
10
-20.045527410
20
-3.762019979
10
-19.862138220
20
-3.761625570
10
-19.678756041
20
-3.761231161
10
-19.495380873
20
-3.760836752
10
-19.312012716
20
-3.760442344
10
-19.128651570
20
-3.760047935
10
-18.945297436
20
-3.759653526
10
-18.761950312
20
-3.759259117
10
-18.578610200
20
-3.758864708
10
-18.395277098
20
-3.758470299
10
-18.211951008
20
-3.758075890
10
-18.028631929
20
-3.757681481
10
-17.845319861
20
-3.757287073
10
-17.662014804
20
-3.756892664
10
-17.478716758
20
-3.756498255
10
-17.295425723
20
-3.756103846
10
-17.112141699
20
-3.755709437
10
-16.928864686
20
-3.755315028
10
-16.745594684
20
-3.754920619
10
-16.562331694
20
-3.754526211
10
-16.379075714
20
-3.754131802
10
-16.195826746
20
-3.753737393
10
-16.012584789
20
-3.753342984
10
-15.829349842
20
-3.752948575
10
-15.646121907
20
-3.752554166
10
-15.462900983
20
-3.752159757
10
-15.279687070
20
-3.751765348
10
-15.096480168
20
-3.751370940
10
-14.913280277
20
-3.750976531
10
-14.730087398
20
-3.750582122
10
-14.546901529
20
-3.750187713
10
-14.363722671
20
-3.749793304
10
-14.180550825
20
-3.749398895
10
-13.997385989
20
-3.749004486
10
-13.814228165
20
-3.748610078
10
-13.631077352
20
-3.748215669
10
-13.447933549
20
-3.747821260
10
-13.264796758
20
-3.747426851
10
-13.081666978
20
-3.747032442
10
-12.898544209
20
-3.746638033
10
-12.715428451
20
-3.746243624
10
-12.532319705
20
-3.745849215
10
-12.349217969
20
-3.745454807
10
-12.166123244
20
-3.745060398
10
-11.983035531
20
-3.744665989
10
-11.799954828
20
-3.744271580
10
-11.616881137
20
-3.743877171
10
-11.433814457
20
-3.743482762
10
-11.250754787
20
-3.743088353
10
-11.067702129
20
-3.742693945
10
-10.884656482
20
-3.742299536
10
-10.701617846
20
-3.741905127
10
-10.518586221
20
-3.741510718
10
-10.335561607
20
-3.741116309
10
-10.152544005
20
-3.740721900
10
-9.969533413
20
-3.740327491
10
-9.786529832
20
-3.739933082
10
-9.603533263
20
-3.739538674
10
-9.420543704
20
-3.739144265
10
-9.237561157
20
-3.738749856
10
-9.054585621
20
-3.738355447
10
-8.871617096
20
-3.737961038
10
-8.688655582
20
-3.737566629
10
-8.505701078
20
-3.737172220
10
-8.322753587
20
-3.736777812
10
-8.139813106
20
-3.736383403
10
-7.956879636
20
-3.735988994
10
-7.773953177
20
-3.735594585
10
-7.591033730
20
-3.735200176
10
-7.408121293
20
-3.734805767
10
-7.225215868
20
-3.734411358
10
-7.042317453
20
-3.734016950
10
-6.859426050
20
-3.733622541
10
-6.676541658
20
-3.733228132
10
-6.493664277
20
-3.732833723
10
-6.310793907
20
-3.732439314
10
-6.127930548
20
-3.732044905
10
-5.945074200
20
-3.731650496
10
-5.762224863
20
-3.731256087
10
-5.579382537
20
-3.730861679
10
-5.396547222
20
-3.730467270
10
-5.213718919
20
-3.730072861
10
-5.030897626
20
-3.729678452
10
-4.848083345
20
-3.729284043
10
-4.665276075
20
-3.728889634
10
-4.482475815
20
-3.728495225
10
-4.299682567
20
-3.728100817
10
-4.116896330
20
-3.727706408
10
-3.934117104
20
-3.727311999
10
-3.751344889
20
-3.726917590
10
-3.568579685
20
-3.726523181
10
-3.385821493
20
-3.726128772
10
-3.203070311
20
-3.725734363
10
-3.020326140
20
-3.725339954
10
-2.837588981
20
-3.724945546
10
-2.654858832
20
-3.724551137
10
-2.472135695
20
-3.724156728
10
-2.289419569
20
-3.723762319
10
-2.106710454
20
-3.723367910
10
-1.924008349
20
-3.722973501
10
-1.741313256
20
-3.722579092
10
-1.558625174
20
-3.722184684
10
-1.375944104
20
-3.721790275
10
-1.193270044
20
-3.721395866
10
-1.010602995
20
-3.721001457
10
-0.827942957
20
-3.720607048
10
-0.645289931
20
-3.720212639
10
-0.462643915
20
-3.719818230
10
-0.280004911
20
-3.719423821
10
-0.097372918
20
-3.719029413
10
0.085252065
20
-3.718635004
10
0.267870036
20
-3.718240595
10
0.450480996
20
-3.717846186
10
0.633084945
20
-3.717451777
10
0.815681883
20
-3.717057368
10
0.998271809
20
-3.716662959
10
1.180854725
20
-3.716268551
10
1.363430630
20
-3.715874142
10
1.545999523
20
-3.715479733
10
1.728561406
20
-3.715085324
10
1.911116277
20
-3.714690915
10
2.093664138
20
-3.714296506
10
2.276204987
20
-3.713902097
10
2.458738825
20
-3.713507688
10
2.641265652
20
-3.713113280
10
2.823785468
20
-3.712718871
10
3.006298273
20
-3.712324462
10
3.188804067
20
-3.711930053
10
3.371302850
20
-3.711535644
10
3.553794622
20
-3.711141235
10
3.736279382
20
-3.710746826
10
3.918757132
20
-3.710352418
10
4.101227870
20
-3.709958009
10
4.283691598
20
-3.709563600
10
4.466148314
20
-3.709169191
10
4.648598019
20
-3.708774782
10
4.831040713
20
-3.708380373
10
5.013476396
20
-3.707985964
10
5.195905068
20
-3.707591555
10
5.378326729
20
-3.707197147
10
5.560741379
20
-3.706802738
10
5.743149018
20
-3.706408329
10
5.925549645
20
-3.706013920
10
6.107943262
20
-3.705619511
10
6.290329867
20
-3.705225102
10
6.472709462
20
-3.704830693
10
6.655082045
20
-3.704436285
10
6.837447617
20
-3.704041876
10
7.019806178
20
-3.703647467
10
7.202157729
20
-3.703253058
10
7.384502268
20
-3.702858649
10
7.566839795
20
-3.702464240
10
7.749170312
20
-3.702069831
10
7.931493818
20
-3.701675422
10
8.113810313
20
-3.701281014
10
8.296119796
20
-3.700886605
10
8.478422269
20
-3.700492196
10
8.660717730
20
-3.700097787
10
8.843006181
20
-3.699703378
10
9.025287620
20
-3.699308969
10
9.207562048
20
-3.698914560
10
9.389829465
20
-3.698520152
10
9.572089871
20
-3.698125743
10
9.754343266
20
-3.697731334
0
LWPOLYLINE
100
AcDbEntity
8
COPPER_L1_TOP
100
AcDbPolyline
90
220
70
0
38
0.000000000
10
9.754343266
20
-3.697731334
10
9.936589650
20
-3.697336925
10
10.118829023
20
-3.696942516
10
10.301061385
20
-3.696548107
10
10.483286735
20
-3.696153698
10
10.665505075
20
-3.695759289
10
10.847716403
20
-3.695364881
10
11.029920721
20
-3.694970472
10
11.212118027
20
-3.694576063
10
11.394308322
20
-3.694181654
10
11.576491606
20
-3.693787245
10
11.758667879
20
-3.693392836
10
11.940837141
20
-3.692998427
10
12.122999392
20
-3.692604019
10
12.305154632
20
-3.692209610
10
12.487302861
20
-3.691815201
10
12.669444078
20
-3.691420792
10
12.851578285
20
-3.691026383
10
13.033705480
20
-3.690631974
10
13.215825665
20
-3.690237565
10
13.397938838
20
-3.689843156
10
13.580045000
20
-3.689448748
10
13.762144152
20
-3.689054339
10
13.944236292
20
-3.688659930
10
14.126321421
20
-3.688265521
10
14.308399539
20
-3.687871112
10
14.490470646
20
-3.687476703
10
14.672534741
20
-3.687082294
10
14.854591826
20
-3.686687886
10
15.036641900
20
-3.686293477
10
15.218684962
20
-3.685899068
10
15.400721014
20
-3.685504659
10
15.582750054
20
-3.685110250
10
15.764772083
20
-3.684715841
10
15.946787101
20
-3.684321432
10
16.128795109
20
-3.683927024
10
16.310796105
20
-3.683532615
10
16.492790090
20
-3.683138206
10
16.674777063
20
-3.682743797
10
16.856757026
20
-3.682349388
10
17.038729978
20
-3.681954979
10
17.220695919
20
-3.681560570
10
17.402654848
20
-3.681166161
10
17.584606767
20
-3.680771753
10
17.766551674
20
-3.680377344
10
17.948489570
20
-3.679982935
10
18.130420456
20
-3.679588526
10
18.312344330
20
-3.679194117
10
18.494261193
20
-3.678799708
10
18.676171045
20
-3.678405299
10
18.858073886
20
-3.678010891
10
19.039969716
20
-3.677616482
10
19.221858534
20
-3.677222073
10
19.403740342
20
-3.676827664
10
19.585615139
20
-3.676433255
10
19.767482924
20
-3.676038846
10
19.949343699
20
-3.675644437
10
20.131197462
20
-3.675250028
10
20.313044214
20
-3.674855620
10
20.494883955
20
-3.674461211
10
20.676716685
20
-3.674066802
10
20.858542404
20
-3.673672393
10
21.040361112
20
-3.673277984
10
21.222172809
20
-3.672883575
10
21.403977495
20
-3.672489166
10
21.585775170
20
-3.672094758
10
21.767565833
20
-3.671700349
10
21.949349486
20
-3.671305940
10
22.131126127
20
-3.670911531
10
22.312895758
20
-3.670517122
10
22.494658377
20
-3.670122713
10
22.676413985
20
-3.669728304
10
22.858162582
20
-3.669333895
10
23.039904168
20
-3.668939487
10
23.221638743
20
-3.668545078
10
23.403366307
20
-3.668150669
10
23.585086860
20
-3.667756260
10
23.766800402
20
-3.667361851
10
23.948506933
20
-3.666967442
10
24.130206452
20
-3.666573033
10
24.311898961
20
-3.666178625
10
24.493584458
20
-3.665784216
10
24.675262944
20
-3.665389807
10
24.856934420
20
-3.664995398
10
25.038598884
20
-3.664600989
10
25.220256337
20
-3.664206580
10
25.401906779
20
-3.663812171
10
25.583550210
20
-3.663417762
10
25.765186630
20
-3.663023354
10
25.946816038
20
-3.662628945
10
26.128438436
20
-3.662234536
10
26.310053823
20
-3.661840127
10
26.491662198
20
-3.661445718
10
26.673263563
20
-3.661051309
10
26.854857916
20
-3.660656900
10
27.036445258
20
-3.660262492
10
27.218025590
20
-3.659868083
10
27.399598910
20
-3.659473674
10
27.581165219
20
-3.659079265
10
27.762724517
20
-3.658684856
10
27.944276804
20
-3.658290447
10
28.125822079
20
-3.657896038
10
28.307360344
20
-3.657501629
10
28.488891598
20
-3.657107221
10
28.670415840
20
-3.656712812
10
28.851933072
20
-3.656318403
10
29.033443292
20
-3.655923994
10
29.214946501
20
-3.655529585
10
29.396442700
20
-3.655135176
10
29.577931887
20
-3.654740767
10
29.759414063
20
-3.654346359
10
29.940889228
20
-3.653951950
10
30.122357382
20
-3.653557541
10
30.303818525
20
-3.653163132
10
30.485272656
20
-3.652768723
10
30.666719777
20
-3.652374314
10
30.848159887
20
-3.651979905
10
31.029592985
20
-3.651585496
10
31.211019073
20
-3.651191088
10
31.392438149
20
-3.650796679
10
31.573850214
20
-3.650402270
10
31.755255268
20
-3.650007861
10
31.936653311
20
-3.649613452
10
32.118044343
20
-3.649219043
10
32.299428364
20
-3.648824634
10
32.480805374
20
-3.648430226
10
32.662175373
20
-3.648035817
10
32.843538361
20
-3.647641408
10
33.024894337
20
-3.647246999
10
33.206243303
20
-3.646852590
10
33.387585257
20
-3.646458181
10
33.568920201
20
-3.646063772
10
33.750248133
20
-3.645669363
10
33.931569054
20
-3.645274955
10
34.112882964
20
-3.644880546
10
34.294189863
20
-3.644486137
10
34.475489751
20
-3.644091728
10
34.656782628
20
-3.643697319
10
34.838068494
20
-3.643302910
10
35.019347349
20
-3.642908501
10
35.200619192
20
-3.642514093
10
35.381884025
20
-3.642119684
10
35.563141846
20
-3.641725275
10
35.744392657
20
-3.641330866
10
35.925636456
20
-3.640936457
10
36.106873244
20
-3.640542048
10
36.288103022
20
-3.640147639
10
36.469325788
20
-3.639753231
10
36.650541543
20
-3.639358822
10
36.831750287
20
-3.638964413
10
37.011574360
20
-3.619639459
10
37.182515855
20
-3.560276547
10
37.335786522
20
-3.463872781
10
37.463506122
20
-3.335357225
10
37.559106472
20
-3.181305047
10
37.617667957
20
-3.009599863
10
37.636203551
20
-2.829028979
10
37.635809142
20
-2.647087506
10
37.635414733
20
-2.465153044
10
37.635020324
20
-2.283225593
10
37.634625915
20
-2.101305153
10
37.634231506
20
-1.919391725
10
37.633837098
20
-1.737485307
10
37.633442689
20
-1.555585901
10
37.633048280
20
-1.373693505
10
37.632653871
20
-1.191808121
10
37.632259462
20
-1.009929748
10
37.631865053
20
-0.828058385
10
37.631470644
20
-0.646194034
10
37.631076235
20
-0.464336694
10
37.630681827
20
-0.282486365
10
37.630287418
20
-0.100643047
10
37.629893009
20
0.081193259
10
37.629498600
20
0.263022555
10
37.629104191
20
0.444844840
10
37.628709782
20
0.626660113
10
37.628315373
20
0.808468376
10
37.627920965
20
0.990269627
10
37.627526556
20
1.172063868
10
37.627132147
20
1.353851097
10
37.626737738
20
1.535631315
10
37.626343329
20
1.717404522
10
37.625948920
20
1.899170718
10
37.625554511
20
2.080929903
10
37.625160102
20
2.262682077
10
37.624765694
20
2.444427239
10
37.624371285
20
2.626165391
10
37.623976876
20
2.807896532
10
37.606413804
20
2.988431181
10
37.548620985
20
3.160452151
10
37.453402816
20
3.315066011
10
37.325655484
20
3.444277969
10
37.171952270
20
3.541405131
10
37.000204046
20
3.601420860
10
36.819250883
20
3.621216014
10
36.636787014
20
3.620821605
10
36.454330155
20
3.620427196
10
36.271880308
20
3.620032787
10
36.089437471
20
3.619638378
10
35.907001646
20
3.619243969
10
35.724572832
20
3.618849561
10
35.542151028
20
3.618455152
10
35.359736236
20
3.618060743
10
35.177328455
20
3.617666334
10
34.994927685
20
3.617271925
10
34.812533927
20
3.616877516
10
34.630147179
20
3.616483107
10
34.447767442
20
3.616088699
10
34.265394716
20
3.615694290
10
34.083029002
20
3.615299881
10
33.900670298
20
3.614905472
10
33.718318606
20
3.614511063
10
33.535973925
20
3.614116654
10
33.353636255
20
3.613722245
10
33.171305595
20
3.613327836
10
32.988981947
20
3.612933428
10
32.806665310
20
3.612539019
10
32.624355684
20
3.612144610
10
32.442053070
20
3.611750201
10
32.259757466
20
3.611355792
0
LWPOLYLINE
100
AcDbEntity
8
COPPER_L1_TOP
100
AcDbPolyline
90
220
70
0
38
0.000000000
10
32.259757466
20
3.611355792
10
32.077468873
20
3.610961383
10
31.895187292
20
3.610566974
10
31.712912721
20
3.610172566
10
31.530645162
20
3.609778157
10
31.348384613
20
3.609383748
10
31.166131076
20
3.608989339
10
30.983884550
20
3.608594930
10
30.801645035
20
3.608200521
10
30.619412531
20
3.607806112
10
30.437187038
20
3.607411703
10
30.254968556
20
3.607017295
10
30.072757085
20
3.606622886
10
29.890552626
20
3.606228477
10
29.708355177
20
3.605834068
10
29.526164740
20
3.605439659
10
29.343981313
20
3.605045250
10
29.161804898
20
3.604650841
10
28.979635493
20
3.604256433
10
28.797473100
20
3.603862024
10
28.615317718
20
3.603467615
10
28.433169347
20
3.603073206
10
28.251027987
20
3.602678797
10
28.068893638
20
3.602284388
10
27.886766300
20
3.601889979
10
27.704645974
20
3.601495570
10
27.522532658
20
3.601101162
10
27.340426354
20
3.600706753
10
27.158327060
20
3.600312344
10
26.976234778
20
3.599917935
10
26.794149506
20
3.599523526
10
26.612071246
20
3.599129117
10
26.429999997
20
3.598734708
10
26.247935759
20
3.598340300
10
26.065878532
20
3.597945891
10
25.883828316
20
3.597551482
10
25.701785111
20
3.597157073
10
25.519748917
20
3.596762664
10
25.337719735
20
3.596368255
10
25.155697563
20
3.595973846
10
24.973682403
20
3.595579437
10
24.791674253
20
3.595185029
10
24.609673115
20
3.594790620
10
24.427678988
20
3.594396211
10
24.245691871
20
3.594001802
10
24.063711766
20
3.593607393
10
23.881738672
20
3.593212984
10
23.699772589
20
3.592818575
10
23.517813518
20
3.592424167
10
23.335861457
20
3.592029758
10
23.153916407
20
3.591635349
10
22.971978368
20
3.591240940
10
22.790047341
20
3.590846531
10
22.608123324
20
3.590452122
10
22.426206319
20
3.590057713
10
22.244296325
20
3.589663305
10
22.062393342
20
3.589268896
10
21.880497369
20
3.588874487
10
21.698608408
20
3.588480078
10
21.516726458
20
3.588085669
10
21.334851520
20
3.587691260
10
21.152983592
20
3.587296851
10
20.971122675
20
3.586902442
10
20.789268769
20
3.586508034
10
20.607421875
20
3.586113625
10
20.425581991
20
3.585719216
10
20.243749119
20
3.585324807
10
20.061923258
20
3.584930398
10
19.880104407
20
3.584535989
10
19.698292568
20
3.584141580
10
19.516487740
20
3.583747172
10
19.334689923
20
3.583352763
10
19.152899117
20
3.582958354
10
18.971115322
20
3.582563945
10
18.789338539
20
3.582169536
10
18.607568766
20
3.581775127
10
18.425806004
20
3.581380718
10
18.244050254
20
3.580986309
10
18.062301514
20
3.580591901
10
17.880559786
20
3.580197492
10
17.698825069
20
3.579803083
10
17.517097362
20
3.579408674
10
17.335376667
20
3.579014265
10
17.153662983
20
3.578619856
10
16.971956310
20
3.578225447
10
16.790256648
20
3.577831039
10
16.608563998
20
3.577436630
10
16.426878358
20
3.577042221
10
16.245199729
20
3.576647812
10
16.063528112
20
3.576253403
10
15.881863505
20
3.575858994
10
15.700205910
20
3.575464585
10
15.518555326
20
3.575070176
10
15.336911752
20
3.574675768
10
15.155275190
20
3.574281359
10
14.973645639
20
3.573886950
10
14.792023099
20
3.573492541
10
14.610407570
20
3.573098132
10
14.428799052
20
3.572703723
10
14.247197546
20
3.572309314
10
14.065603050
20
3.571914906
10
13.884015565
20
3.571520497
10
13.702435092
20
3.571126088
10
13.520861630
20
3.570731679
10
13.339295178
20
3.570337270
10
13.157735738
20
3.569942861
10
12.976183309
20
3.569548452
10
12.794637891
20
3.569154043
10
12.613099484
20
3.568759635
10
12.431568088
20
3.568365226
10
12.250043703
20
3.567970817
10
12.068526329
20
3.567576408
10
11.887015966
20
3.567181999
10
11.705512615
20
3.566787590
10
11.524016274
20
3.566393181
10
11.342526945
20
3.565998773
10
11.161044626
20
3.565604364
10
10.979569319
20
3.565209955
10
10.798101023
20
3.564815546
10
10.616639738
20
3.564421137
10
10.435185464
20
3.564026728
10
10.253738201
20
3.563632319
10
10.072297949
20
3.563237910
10
9.890864708
20
3.562843502
10
9.709438478
20
3.562449093
10
9.528019260
20
3.562054684
10
9.346607052
20
3.561660275
10
9.165201856
20
3.561265866
10
8.983803670
20
3.560871457
10
8.802412496
20
3.560477048
10
8.621028333
20
3.560082640
10
8.439651181
20
3.559688231
10
8.258281039
20
3.559293822
10
8.076917909
20
3.558899413
10
7.895561791
20
3.558505004
10
7.714212683
20
3.558110595
10
7.532870586
20
3.557716186
10
7.351535500
20
3.557321777
10
7.170207426
20
3.556927369
10
6.988886362
20
3.556532960
10
6.807572310
20
3.556138551
10
6.626265268
20
3.555744142
10
6.444965238
20
3.555349733
10
6.263672219
20
3.554955324
10
6.082386211
20
3.554560915
10
5.901107214
20
3.554166507
10
5.719835228
20
3.553772098
10
5.538570253
20
3.553377689
10
5.357312289
20
3.552983280
10
5.176061336
20
3.552588871
10
4.994817395
20
3.552194462
10
4.813580464
20
3.551800053
10
4.632350545
20
3.551405644
10
4.451127636
20
3.551011236
10
4.269911739
20
3.550616827
10
4.088702853
20
3.550222418
10
3.907500978
20
3.549828009
10
3.726306114
20
3.549433600
10
3.545118261
20
3.549039191
10
3.363937419
20
3.548644782
10
3.182763588
20
3.548250374
10
3.001596768
20
3.547855965
10
2.820436960
20
3.547461556
10
2.639284162
20
3.547067147
10
2.458138376
20
3.546672738
10
2.276999600
20
3.546278329
10
2.095867836
20
3.545883920
10
1.914743083
20
3.545489511
10
1.733625340
20
3.545095103
10
1.552514609
20
3.544700694
10
1.371410889
20
3.544306285
10
1.190314180
20
3.543911876
10
1.009224483
20
3.543517467
10
0.828141796
20
3.543123058
10
0.647066120
20
3.542728649
10
0.465997455
20
3.542334241
10
0.284935802
20
3.541939832
10
0.103881159
20
3.541545423
10
-0.077166472
20
3.541151014
10
-0.258207092
20
3.540756605
10
-0.439240701
20
3.540362196
10
-0.620267299
20
3.539967787
10
-0.801286887
20
3.539573379
10
-0.982299462
20
3.539178970
10
-1.163305027
20
3.538784561
10
-1.344303581
20
3.538390152
10
-1.525295124
20
3.537995743
10
-1.706279656
20
3.537601334
10
-1.887257176
20
3.537206925
10
-2.068227686
20
3.536812516
10
-2.249191184
20
3.536418108
10
-2.430147671
20
3.536023699
10
-2.611097148
20
3.535629290
10
-2.792039613
20
3.535234881
10
-2.972975067
20
3.534840472
10
-3.153903510
20
3.534446063
10
-3.334824942
20
3.534051654
10
-3.515739362
20
3.533657246
10
-3.696646772
20
3.533262837
10
-3.877547171
20
3.532868428
10
-4.058440558
20
3.532474019
10
-4.239326935
20
3.532079610
10
-4.420206300
20
3.531685201
10
-4.601078655
20
3.531290792
10
-4.781943998
20
3.530896383
10
-4.962802330
20
3.530501975
10
-5.143653651
20
3.530107566
10
-5.324497961
20
3.529713157
10
-5.505335260
20
3.529318748
10
-5.686165548
20
3.528924339
10
-5.866988825
20
3.528529930
10
-6.047805091
20
3.528135521
10
-6.228614345
20
3.527741113
10
-6.409416589
20
3.527346704
10
-6.590211821
20
3.526952295
10
-6.771000043
20
3.526557886
10
-6.951781253
20
3.526163477
10
-7.132555452
20
3.525769068
10
-7.313322640
20
3.525374659
10
-7.494082817
20
3.524980250
0
LWPOLYLINE
100
AcDbEntity
8
COPPER_L1_TOP
100
AcDbPolyline
90
220
70
0
38
0.000000000
10
-7.494082817
20
3.524980250
10
-7.674835983
20
3.524585842
10
-7.855582138
20
3.524191433
10
-8.036321282
20
3.523797024
10
-8.217053415
20
3.523402615
10
-8.397778536
20
3.523008206
10
-8.578496647
20
3.522613797
10
-8.759207746
20
3.522219388
10
-8.939911835
20
3.521824980
10
-9.120608912
20
3.521430571
10
-9.301298978
20
3.521036162
10
-9.481982034
20
3.520641753
10
-9.662658078
20
3.520247344
10
-9.843327111
20
3.519852935
10
-10.023989133
20
3.519458526
10
-10.204644144
20
3.519064117
10
-10.385292143
20
3.518669709
10
-10.565933132
20
3.518275300
10
-10.746567110
20
3.517880891
10
-10.927194076
20
3.517486482
10
-11.107814032
20
3.517092073
10
-11.288426976
20
3.516697664
10
-11.469032909
20
3.516303255
10
-11.649631831
20
3.515908847
10
-11.830223742
20
3.515514438
10
-12.010808643
20
3.515120029
10
-12.191386531
20
3.514725620
10
-12.371957409
20
3.514331211
10
-12.552521276
20
3.513936802
10
-12.733078132
20
3.513542393
10
-12.913627976
20
3.513147984
10
-13.094170810
20
3.512753576
10
-13.274706633
20
3.512359167
10
-13.455235444
20
3.511964758
10
-13.635757244
20
3.511570349
10
-13.816272033
20
3.511175940
10
-13.996779812
20
3.510781531
10
-14.177280579
20
3.510387122
10
-14.357774335
20
3.509992714
10
-14.538261080
20
3.509598305
10
-14.718740813
20
3.509203896
10
-14.899213536
20
3.508809487
10
-15.079679248
20
3.508415078
10
-15.260137948
20
3.508020669
10
-15.440589638
20
3.507626260
10
-15.621034316
20
3.507231851
10
-15.801471984
20
3.506837443
10
-15.981902640
20
3.506443034
10
-16.162326285
20
3.506048625
10
-16.342742919
20
3.505654216
10
-16.523152542
20
3.505259807
10
-16.703555154
20
3.504865398
10
-16.883950755
20
3.504470989
10
-17.064339345
20
3.504076581
10
-17.244720923
20
3.503682172
10
-17.425095491
20
3.503287763
10
-17.605463048
20
3.502893354
10
-17.785823593
20
3.502498945
10
-17.966177127
20
3.502104536
10
-18.146523651
20
3.501710127
10
-18.326863163
20
3.501315718
10
-18.507195664
20
3.500921310
10
-18.687521154
20
3.500526901
10
-18.867839633
20
3.500132492
10
-19.048151101
20
3.499738083
10
-19.228455558
20
3.499343674
10
-19.408753004
20
3.498949265
10
-19.589043438
20
3.498554856
10
-19.769326862
20
3.498160448
10
-19.949603274
20
3.497766039
10
-20.129872676
20
3.497371630
10
-20.310135066
20
3.496977221
10
-20.490390445
20
3.496582812
10
-20.670638813
20
3.496188403
10
-20.850880170
20
3.495793994
10
-21.031114516
20
3.495399586
10
-21.211341851
20
3.495005177
10
-21.391562175
20
3.494610768
10
-21.571775488
20
3.494216359
10
-21.751981790
20
3.493821950
10
-21.932181080
20
3.493427541
10
-22.112373360
20
3.493033132
10
-22.292558628
20
3.492638723
10
-22.472736886
20
3.492244315
10
-22.652908132
20
3.491849906
10
-22.833072367
20
3.491455497
10
-23.013229591
20
3.491061088
10
-23.193379804
20
3.490666679
10
-23.373523006
20
3.490272270
10
-23.553659197
20
3.489877861
10
-23.733788377
20
3.489483453
10
-23.913910545
20
3.489089044
10
-24.094025703
20
3.488694635
10
-24.274133850
20
3.488300226
10
-24.454234985
20
3.487905817
10
-24.634329110
20
3.487511408
10
-24.814416223
20
3.487116999
10
-24.994496325
20
3.486722590
10
-25.174569416
20
3.486328182
10
-25.354635496
20
3.485933773
10
-25.534694565
20
3.485539364
10
-25.714746623
20
3.485144955
10
-25.894791670
20
3.484750546
10
-26.074829706
20
3.484356137
10
-26.254860730
20
3.483961728
10
-26.434884744
20
3.483567320
10
-26.614901746
20
3.483172911
10
-26.794911738
20
3.482778502
10
-26.974914718
20
3.482384093
10
-27.154910687
20
3.481989684
10
-27.334899646
20
3.481595275
10
-27.514881593
20
3.481200866
10
-27.694856529
20
3.480806457
10
-27.874824454
20
3.480412049
10
-28.054785368
20
3.480017640
10
-28.234739270
20
3.479623231
10
-28.414686162
20
3.479228822
10
-28.594626043
20
3.478834413
10
-28.774558912
20
3.478440004
10
-28.954484771
20
3.478045595
10
-29.134403618
20
3.477651187
10
-29.314315454
20
3.477256778
10
-29.494220279
20
3.476862369
10
-29.674118094
20
3.476467960
10
-29.854008897
20
3.476073551
10
-30.033892689
20
3.475679142
10
-30.213769469
20
3.475284733
10
-30.393639239
20
3.474890324
10
-30.573501998
20
3.474495916
10
-30.753357746
20
3.474101507
10
-30.933206482
20
3.473707098
10
-31.113048208
20
3.473312689
10
-31.292882922
20
3.472918280
10
-31.472710625
20
3.472523871
10
-31.652531318
20
3.472129462
10
-31.832344999
20
3.471735054
10
-32.012151669
20
3.471340645
10
-32.191951328
20
3.470946236
10
-32.371743976
20
3.470551827
10
-32.551529613
20
3.470157418
10
-32.731308238
20
3.469763009
10
-32.911079853
20
3.469368600
10
-33.090844457
20
3.468974191
10
-33.270602049
20
3.468579783
10
-33.450352631
20
3.468185374
10
-33.630096201
20
3.467790965
10
-33.809832760
20
3.467396556
10
-33.989562308
20
3.467002147
10
-34.169284845
20
3.466607738
10
-34.349000371
20
3.466213329
10
-34.528708886
20
3.465818921
10
-34.708410390
20
3.465424512
10
-34.888104883
20
3.465030103
10
-35.067792365
20
3.464635694
10
-35.247472835
20
3.464241285
10
-35.427146295
20
3.463846876
10
-35.606812743
20
3.463452467
10
-35.786472181
20
3.463058058
10
-35.966124607
20
3.462663650
10
-36.145770022
20
3.462269241
10
-36.325408426
20
3.461874832
10
-36.505039820
20
3.461480423
10
-36.684660788
20
3.460738582
10
-36.862091132
20
3.434925569
10
-37.029361022
20
3.370080186
10
-37.178019422
20
3.269456028
10
-37.300555091
20
3.138109583
10
-37.390774923
20
2.982644879
10
-37.444115724
20
2.810880221
10
-37.458325152
20
2.631448801
10
-37.457930743
20
2.451091689
10
-37.457536334
20
2.270741589
10
-37.457141925
20
2.090398501
10
-37.456747517
20
1.910062423
10
-37.456353108
20
1.729733356
10
-37.455958699
20
1.549411300
10
-37.455564290
20
1.369096256
10
-37.455169881
20
1.188788222
10
-37.454775472
20
1.008487200
10
-37.454381063
20
0.828193189
10
-37.453986655
20
0.647906188
10
-37.453592246
20
0.467626199
10
-37.453197837
20
0.287353221
10
-37.452803428
20
0.107087254
10
-37.452409019
20
-0.073171702
10
-37.452014610
20
-0.253423647
10
-37.451620201
20
-0.433668581
10
-37.451225792
20
-0.613906503
10
-37.450831384
20
-0.794137415
10
-37.450436975
20
-0.974361315
10
-37.450042566
20
-1.154578205
10
-37.449648157
20
-1.334788083
10
-37.449253748
20
-1.514990951
10
-37.448859339
20
-1.695186807
10
-37.448464930
20
-1.875375652
10
-37.448070522
20
-2.055557486
10
-37.447676113
20
-2.235732309
10
-37.447281704
20
-2.415900121
10
-37.446887295
20
-2.596060922
10
-37.435998566
20
-2.775646988
10
-37.386684363
20
-2.948641938
10
-37.299816059
20
-3.106287941
10
-37.179782844
20
-3.240572975
10
-37.032654635
20
-3.344671044
10
-36.865873875
20
-3.413287929
10
-36.687877871
20
-3.442929169
10
-36.507006180
20
-3.443732024
10
-36.326119662
20
-3.443337615
10
-36.145240154
20
-3.442943206
10
-35.964367657
20
-3.442548797
10
-35.783502172
20
-3.442154389
10
-35.602643697
20
-3.441759980
10
-35.421792234
20
-3.441365571
10
-35.240947781
20
-3.440971162
10
-35.060110340
20
-3.440576753
10
-34.879279910
20
-3.440182344
10
-34.698456491
20
-3.439787935
10
-34.517640083
20
-3.439393527
10
-34.336830686
20
-3.438999118
10
-34.156028300
20
-3.438604709
0
LWPOLYLINE
100
AcDbEntity
8
COPPER_L1_TOP
100
AcDbPolyline
90
220
70
0
38
0.000000000
10
-34.156028300
20
-3.438604709
10
-33.975232925
20
-3.438210300
10
-33.794444562
20
-3.437815891
10
-33.613663209
20
-3.437421482
10
-33.432888868
20
-3.437027073
10
-33.252121537
20
-3.436632664
10
-33.071361218
20
-3.436238256
10
-32.890607910
20
-3.435843847
10
-32.709861612
20
-3.435449438
10
-32.529122326
20
-3.435055029
10
-32.348390051
20
-3.434660620
10
-32.167664787
20
-3.434266211
10
-31.986946534
20
-3.433871802
10
-31.806235293
20
-3.433477394
10
-31.625531062
20
-3.433082985
10
-31.444833842
20
-3.432688576
10
-31.264143634
20
-3.432294167
10
-31.083460436
20
-3.431899758
10
-30.902784250
20
-3.431505349
10
-30.722115075
20
-3.431110940
10
-30.541452910
20
-3.430716531
10
-30.360797757
20
-3.430322123
10
-30.180149615
20
-3.429927714
10
-29.999508484
20
-3.429533305
10
-29.818874364
20
-3.429138896
10
-29.638247255
20
-3.428744487
10
-29.457627158
20
-3.428350078
10
-29.277014071
20
-3.427955669
10
-29.096407995
20
-3.427561261
10
-28.915808931
20
-3.427166852
10
-28.735216878
20
-3.426772443
10
-28.554631835
20
-3.426378034
10
-28.374053804
20
-3.425983625
10
-28.193482784
20
-3.425589216
10
-28.012918775
20
-3.425194807
10
-27.832361777
20
-3.424800398
10
-27.651811790
20
-3.424405990
10
-27.471268814
20
-3.424011581
10
-27.290732849
20
-3.423617172
10
-27.110203895
20
-3.423222763
10
-26.929681953
20
-3.422828354
10
-26.749167021
20
-3.422433945
10
-26.568659101
20
-3.422039536
10
-26.388158191
20
-3.421645128
10
-26.207664293
20
-3.421250719
10
-26.027177406
20
-3.420856310
10
-25.846697530
20
-3.420461901
10
-25.666224665
20
-3.420067492
10
-25.485758811
20
-3.419673083
10
-25.305299968
20
-3.419278674
10
-25.124848136
20
-3.418884265
10
-24.944403315
20
-3.418489857
10
-24.763965506
20
-3.418095448
10
-24.583534707
20
-3.417701039
10
-24.403110920
20
-3.417306630
10
-24.222694143
20
-3.416912221
10
-24.042284378
20
-3.416517812
10
-23.861881624
20
-3.416123403
10
-23.681485881
20
-3.415728995
10
-23.501097149
20
-3.415334586
10
-23.320715428
20
-3.414940177
10
-23.140340718
20
-3.414545768
10
-22.959973019
20
-3.414151359
10
-22.779612331
20
-3.413756950
10
-22.599258654
20
-3.413362541
10
-22.418911989
20
-3.412968132
10
-22.238572334
20
-3.412573724
10
-22.058239691
20
-3.412179315
10
-21.877914058
20
-3.411784906
10
-21.697595437
20
-3.411390497
10
-21.517283827
20
-3.410996088
10
-21.336979228
20
-3.410601679
10
-21.156681640
20
-3.410207270
10
-20.976391063
20
-3.409812862
10
-20.796107497
20
-3.409418453
10
-20.615830942
20
-3.409024044
10
-20.435561399
20
-3.408629635
10
-20.255298866
20
-3.408235226
10
-20.075043344
20
-3.407840817
10
-19.894794834
20
-3.407446408
10
-19.714553335
20
-3.407051999
10
-19.534318846
20
-3.406657591
10
-19.354091369
20
-3.406263182
10
-19.173870903
20
-3.405868773
10
-18.993657448
20
-3.405474364
10
-18.813451004
20
-3.405079955
10
-18.633251571
20
-3.404685546
10
-18.453059149
20
-3.404291137
10
-18.272873738
20
-3.403896729
10
-18.092695339
20
-3.403502320
10
-17.912523950
20
-3.403107911
10
-17.732359573
20
-3.402713502
10
-17.552202206
20
-3.402319093
10
-17.372051851
20
-3.401924684
10
-17.191908507
20
-3.401530275
10
-17.011772174
20
-3.401135866
10
-16.831642851
20
-3.400741458
10
-16.651520540
20
-3.400347049
10
-16.471405240
20
-3.399952640
10
-16.291296952
20
-3.399558231
10
-16.111195674
20
-3.399163822
10
-15.931101407
20
-3.398769413
10
-15.751014152
20
-3.398375004
10
-15.570933907
20
-3.397980596
10
-15.390860674
20
-3.397586187
10
-15.210794451
20
-3.397191778
10
-15.030735240
20
-3.396797369
10
-14.850683040
20
-3.396402960
10
-14.670637851
20
-3.396008551
10
-14.490599673
20
-3.395614142
10
-14.310568506
20
-3.395219734
10
-14.130544350
20
-3.394825325
10
-13.950527205
20
-3.394430916
10
-13.770517071
20
-3.394036507
10
-13.590513949
20
-3.393642098
10
-13.410517837
20
-3.393247689
10
-13.230528737
20
-3.392853280
10
-13.050546647
20
-3.392458871
10
-12.870571569
20
-3.392064463
10
-12.690603502
20
-3.391670054
10
-12.510642445
20
-3.391275645
10
-12.330688400
20
-3.390881236
10
-12.150741366
20
-3.390486827
10
-11.970801343
20
-3.390092418
10
-11.790868332
20
-3.389698009
10
-11.610942331
20
-3.389303601
10
-11.431023341
20
-3.388909192
10
-11.251111363
20
-3.388514783
10
-11.071206395
20
-3.388120374
10
-10.891308439
20
-3.387725965
10
-10.711417493
20
-3.387331556
10
-10.531533559
20
-3.386937147
10
-10.351656636
20
-3.386542738
10
-10.171786724
20
-3.386148330
10
-9.991923823
20
-3.385753921
10
-9.812067933
20
-3.385359512
10
-9.632219054
20
-3.384965103
10
-9.452377186
20
-3.384570694
10
-9.272542330
20
-3.384176285
10
-9.092714484
20
-3.383781876
10
-8.912893649
20
-3.383387468
10
-8.733079826
20
-3.382993059
10
-8.553273014
20
-3.382598650
10
-8.373473212
20
-3.382204241
10
-8.193680422
20
-3.381809832
10
-8.013894643
20
-3.381415423
10
-7.834115875
20
-3.381021014
10
-7.654344118
20
-3.380626605
10
-7.474579372
20
-3.380232197
10
-7.294821637
20
-3.379837788
10
-7.115070913
20
-3.379443379
10
-6.935327201
20
-3.379048970
10
-6.755590499
20
-3.378654561
10
-6.575860809
20
-3.378260152
10
-6.396138129
20
-3.377865743
10
-6.216422461
20
-3.377471335
10
-6.036713804
20
-3.377076926
10
-5.857012158
20
-3.376682517
10
-5.677317522
20
-3.376288108
10
-5.497629898
20
-3.375893699
10
-5.317949286
20
-3.375499290
10
-5.138275684
20
-3.375104881
10
-4.958609093
20
-3.374710472
10
-4.778949513
20
-3.374316064
10
-4.599296945
20
-3.373921655
10
-4.419651387
20
-3.373527246
10
-4.240012841
20
-3.373132837
10
-4.060381305
20
-3.372738428
10
-3.880756781
20
-3.372344019
10
-3.701139268
20
-3.371949610
10
-3.521528766
20
-3.371555202
10
-3.341925275
20
-3.371160793
10
-3.162328795
20
-3.370766384
10
-2.982739326
20
-3.370371975
10
-2.803156868
20
-3.369977566
10
-2.623581421
20
-3.369583157
10
-2.444012986
20
-3.369188748
10
-2.264451561
20
-3.368794339
10
-2.084897148
20
-3.368399931
10
-1.905349745
20
-3.368005522
10
-1.725809354
20
-3.367611113
10
-1.546275974
20
-3.367216704
10
-1.366749605
20
-3.366822295
10
-1.187230247
20
-3.366427886
10
-1.007717900
20
-3.366033477
10
-0.828212564
20
-3.365639069
10
-0.648714239
20
-3.365244660
10
-0.469222925
20
-3.364850251
10
-0.289738622
20
-3.364455842
10
-0.110261331
20
-3.364061433
10
0.069208950
20
-3.363667024
10
0.248672219
20
-3.363272615
10
0.428128477
20
-3.362878206
10
0.607577725
20
-3.362483798
10
0.787019961
20
-3.362089389
10
0.966455186
20
-3.361694980
10
1.145883400
20
-3.361300571
10
1.325304603
20
-3.360906162
10
1.504718795
20
-3.360511753
10
1.684125976
20
-3.360117344
10
1.863526145
20
-3.359722936
10
2.042919304
20
-3.359328527
10
2.222305451
20
-3.358934118
10
2.401684588
20
-3.358539709
10
2.581056713
20
-3.358145300
10
2.760421827
20
-3.357750891
10
2.939779931
20
-3.357356482
10
3.119131023
20
-3.356962073
10
3.298475104
20
-3.356567665
10
3.477812174
20
-3.356173256
10
3.657142233
20
-3.355778847
10
3.836465281
20
-3.355384438
10
4.015781317
20
-3.354990029
10
4.195090343
20
-3.354595620
10
4.374392357
20
-3.354201211
10
4.553687361
20
-3.353806803
10
4.732975353
20
-3.353412394
10
4.912256335
20
-3.353017985
10
5.091530305
20
-3.352623576
10
5.270797264
20
-3.352229167
0
LWPOLYLINE
100
AcDbEntity
8
COPPER_L1_TOP
100
AcDbPolyline
90
220
70
0
38
0.000000000
10
5.270797264
20
-3.352229167
10
5.450057212
20
-3.351834758
10
5.629310149
20
-3.351440349
10
5.808556075
20
-3.351045941
10
5.987794990
20
-3.350651532
10
6.167026894
20
-3.350257123
10
6.346251786
20
-3.349862714
10
6.525469668
20
-3.349468305
10
6.704680538
20
-3.349073896
10
6.883884398
20
-3.348679487
10
7.063081246
20
-3.348285078
10
7.242271084
20
-3.347890670
10
7.421453910
20
-3.347496261
10
7.600629725
20
-3.347101852
10
7.779798529
20
-3.346707443
10
7.958960322
20
-3.346313034
10
8.138115104
20
-3.345918625
10
8.317262874
20
-3.345524216
10
8.496403634
20
-3.345129808
10
8.675537383
20
-3.344735399
10
8.854664120
20
-3.344340990
10
9.033783847
20
-3.343946581
10
9.212896562
20
-3.343552172
10
9.392002266
20
-3.343157763
10
9.571100960
20
-3.342763354
10
9.750192642
20
-3.342368945
10
9.929277313
20
-3.341974537
10
10.108354973
20
-3.341580128
10
10.287425622
20
-3.341185719
10
10.466489260
20
-3.340791310
10
10.645545886
20
-3.340396901
10
10.824595502
20
-3.340002492
10
11.003638107
20
-3.339608083
10
11.182673700
20
-3.339213675
10
11.361702283
20
-3.338819266
10
11.540723854
20
-3.338424857
10
11.719738414
20
-3.338030448
10
11.898745963
20
-3.337636039
10
12.077746501
20
-3.337241630
10
12.256740028
20
-3.336847221
10
12.435726544
20
-3.336452812
10
12.614706049
20
-3.336058404
10
12.793678543
20
-3.335663995
10
12.972644026
20
-3.335269586
10
13.151602497
20
-3.334875177
10
13.330553958
20
-3.334480768
10
13.509498407
20
-3.334086359
10
13.688435846
20
-3.333691950
10
13.867366273
20
-3.333297542
10
14.046289689
20
-3.332903133
10
14.225206094
20
-3.332508724
10
14.404115488
20
-3.332114315
10
14.583017871
20
-3.331719906
10
14.761913243
20
-3.331325497
10
14.940801604
20
-3.330931088
10
15.119682954
20
-3.330536679
10
15.298557292
20
-3.330142271
10
15.477424620
20
-3.329747862
10
15.656284936
20
-3.329353453
10
15.835138242
20
-3.328959044
10
16.013984536
20
-3.328564635
10
16.192823819
20
-3.328170226
10
16.371656091
20
-3.327775817
10
16.550481352
20
-3.327381409
10
16.729299602
20
-3.326987000
10
16.908110841
20
-3.326592591
10
17.086915069
20
-3.326198182
10
17.265712286
20
-3.325803773
10
17.444502492
20
-3.325409364
10
17.623285686
20
-3.325014955
10
17.802061870
20
-3.324620546
10
17.980831042
20
-3.324226138
10
18.159593203
20
-3.323831729
10
18.338348354
20
-3.323437320
10
18.517096493
20
-3.323042911
10
18.695837621
20
-3.322648502
10
18.874571738
20
-3.322254093
10
19.053298844
20
-3.321859684
10
19.232018939
20
-3.321465276
10
19.410732023
20
-3.321070867
10
19.589438095
20
-3.320676458
10
19.768137157
20
-3.320282049
10
19.946829208
20
-3.319887640
10
20.125514247
20
-3.319493231
10
20.304192275
20
-3.319098822
10
20.482863293
20
-3.318704413
10
20.661527299
20
-3.318310005
10
20.840184294
20
-3.317915596
10
21.018834278
20
-3.317521187
10
21.197477251
20
-3.317126778
10
21.376113213
20
-3.316732369
10
21.554742164
20
-3.316337960
10
21.733364104
20
-3.315943551
10
21.911979032
20
-3.315549143
10
22.090586950
20
-3.315154734
10
22.269187856
20
-3.314760325
10
22.447781752
20
-3.314365916
10
22.626368636
20
-3.313971507
10
22.804948509
20
-3.313577098
10
22.983521371
20
-3.313182689
10
23.162087222
20
-3.312788280
10
23.340646062
20
-3.312393872
10
23.519197891
20
-3.311999463
10
23.697742709
20
-3.311605054
10
23.876280516
20
-3.311210645
10
24.054811312
20
-3.310816236
10
24.233335096
20
-3.310421827
10
24.411851870
20
-3.310027418
10
24.590361632
20
-3.309633010
10
24.768864384
20
-3.309238601
10
24.947360124
20
-3.308844192
10
25.125848853
20
-3.308449783
10
25.304330571
20
-3.308055374
10
25.482805278
20
-3.307660965
10
25.661272974
20
-3.307266556
10
25.839733659
20
-3.306872147
10
26.018187333
20
-3.306477739
10
26.196633996
20
-3.306083330
10
26.375073647
20
-3.305688921
10
26.553506288
20
-3.305294512
10
26.731931917
20
-3.304900103
10
26.910350536
20
-3.304505694
10
27.088762143
20
-3.304111285
10
27.267166739
20
-3.303716877
10
27.445564324
20
-3.303322468
10
27.623954898
20
-3.302928059
10
27.802338461
20
-3.302533650
10
27.980715013
20
-3.302139241
10
28.159084554
20
-3.301744832
10
28.337447084
20
-3.301350423
10
28.515802603
20
-3.300956015
10
28.694151110
20
-3.300561606
10
28.872492607
20
-3.300167197
10
29.050827092
20
-3.299772788
10
29.229154566
20
-3.299378379
10
29.407475030
20
-3.298983970
10
29.585788482
20
-3.298589561
10
29.764094923
20
-3.298195152
10
29.942394353
20
-3.297800744
10
30.120686772
20
-3.297406335
10
30.298972180
20
-3.297011926
10
30.477250577
20
-3.296617517
10
30.655521962
20
-3.296223108
10
30.833786337
20
-3.295828699
10
31.012043700
20
-3.295434290
10
31.190294053
20
-3.295039882
10
31.368537394
20
-3.294645473
10
31.546773725
20
-3.294251064
10
31.725003044
20
-3.293856655
10
31.903225352
20
-3.293462246
10
32.081440649
20
-3.293067837
10
32.259648935
20
-3.292673428
10
32.437850210
20
-3.292279019
10
32.616044474
20
-3.291884611
10
32.794231726
20
-3.291490202
10
32.972411968
20
-3.291095793
10
33.150585199
20
-3.290701384
10
33.328751418
20
-3.290306975
10
33.506910626
20
-3.289912566
10
33.685062824
20
-3.289518157
10
33.863208010
20
-3.289123749
10
34.041346185
20
-3.288729340
10
34.219477349
20
-3.288334931
10
34.397601502
20
-3.287940522
10
34.575718644
20
-3.287546113
10
34.753828775
20
-3.287151704
10
34.931931895
20
-3.286757295
10
35.110028003
20
-3.286362886
10
35.288117101
20
-3.285968478
10
35.466199188
20
-3.285574069
10
35.644274263
20
-3.285179660
10
35.822342327
20
-3.284785251
10
36.000403381
20
-3.284390842
10
36.178457423
20
-3.283996433
10
36.356504454
20
-3.283602024
10
36.534509248
20
-3.281561010
10
36.709431728
20
-3.250044623
10
36.873121766
20
-3.180524227
10
37.017453302
20
-3.076428190
10
37.135260644
20
-2.942896665
10
37.220693082
20
-2.786526562
10
37.269504254
20
-2.615044471
10
37.280446753
20
-2.436902264
10
37.280052345
20
-2.258129515
10
37.279657936
20
-2.079363777
10
37.279263527
20
-1.900605050
10
37.278869118
20
-1.721853334
10
37.278474709
20
-1.543108630
10
37.278080300
20
-1.364370936
10
37.277685891
20
-1.185640253
10
37.277291483
20
-1.006916582
10
37.276897074
20
-0.828199921
10
37.276502665
20
-0.649490272
10
37.276108256
20
-0.470787634
10
37.275713847
20
-0.292092006
10
37.275319438
20
-0.113403390
10
37.274925029
20
0.065278215
10
37.274530620
20
0.243952809
10
37.274136212
20
0.422620392
10
37.273741803
20
0.601280964
10
37.273347394
20
0.779934524
10
37.272952985
20
0.958581074
10
37.272558576
20
1.137220613
10
37.272164167
20
1.315853140
10
37.271769758
20
1.494478657
10
37.271375350
20
1.673097162
10
37.270980941
20
1.851708656
10
37.270586532
20
2.030313139
10
37.270192123
20
2.208910611
10
37.269797714
20
2.387501072
10
37.263568376
20
2.565849355
10
37.221986858
20
2.739238779
10
37.142881163
20
2.899154207
10
37.030178052
20
3.037608554
10
36.889477636
20
3.147685670
10
36.727773898
20
3.223884638
10
36.553105867
20
3.262393454
10
36.373949586
20
3.266642443
10
36.194633407
20
3.266248034
10
36.015324239
20
3.265853625
0
LWPOLYLINE
100
AcDbEntity
8
COPPER_L1_TOP
100
AcDbPolyline
90
220
70
0
38
0.000000000
10
36.015324239
20
3.265853625
10
35.836022082
20
3.265459217
10
35.656726936
20
3.265064808
10
35.477438802
20
3.264670399
10
35.298157678
20
3.264275990
10
35.118883566
20
3.263881581
10
34.939616464
20
3.263487172
10
34.760356374
20
3.263092763
10
34.581103294
20
3.262698354
10
34.401857226
20
3.262303946
10
34.222618169
20
3.261909537
10
34.043386123
20
3.261515128
10
33.864161088
20
3.261120719
10
33.684943064
20
3.260726310
10
33.505732051
20
3.260331901
10
33.326528050
20
3.259937492
10
33.147331059
20
3.259543084
10
32.968141079
20
3.259148675
10
32.788958111
20
3.258754266
10
32.609782153
20
3.258359857
10
32.430613207
20
3.257965448
10
32.251451272
20
3.257571039
10
32.072296348
20
3.257176630
10
31.893148435
20
3.256782221
10
31.714007533
20
3.256387813
10
31.534873642
20
3.255993404
10
31.355746762
20
3.255598995
10
31.176626893
20
3.255204586
10
30.997514035
20
3.254810177
10
30.818408189
20
3.254415768
10
30.639309353
20
3.254021359
10
30.460217529
20
3.253626951
10
30.281132715
20
3.253232542
10
30.102054913
20
3.252838133
10
29.922984122
20
3.252443724
10
29.743920342
20
3.252049315
10
29.564863573
20
3.251654906
10
29.385813815
20
3.251260497
10
29.206771068
20
3.250866089
10
29.027735332
20
3.250471680
10
28.848706607
20
3.250077271
10
28.669684894
20
3.249682862
10
28.490670191
20
3.249288453
10
28.311662500
20
3.248894044
10
28.132661819
20
3.248499635
10
27.953668150
20
3.248105226
10
27.774681492
20
3.247710818
10
27.595701845
20
3.247316409
10
27.416729209
20
3.246922000
10
27.237763584
20
3.246527591
10
27.058804970
20
3.246133182
10
26.879853367
20
3.245738773
10
26.700908775
20
3.245344364
10
26.521971194
20
3.244949956
10
26.343040625
20
3.244555547
10
26.164117066
20
3.244161138
10
25.985200519
20
3.243766729
10
25.806290983
20
3.243372320
10
25.627388457
20
3.242977911
10
25.448492943
20
3.242583502
10
25.269604440
20
3.242189093
10
25.090722948
20
3.241794685
10
24.911848467
20
3.241400276
10
24.732980997
20
3.241005867
10
24.554120538
20
3.240611458
10
24.375267091
20
3.240217049
10
24.196420654
20
3.239822640
10
24.017581229
20
3.239428231
10
23.838748814
20
3.239033823
10
23.659923411
20
3.238639414
10
23.481105018
20
3.238245005
10
23.302293637
20
3.237850596
10
23.123489267
20
3.237456187
10
22.944691908
20
3.237061778
10
22.765901560
20
3.236667369
10
22.587118223
20
3.236272960
10
22.408341897
20
3.235878552
10
22.229572583
20
3.235484143
10
22.050810279
20
3.235089734
10
21.872054986
20
3.234695325
10
21.693306705
20
3.234300916
10
21.514565435
20
3.233906507
10
21.335831175
20
3.233512098
10
21.157103927
20
3.233117690
10
20.978383690
20
3.232723281
10
20.799670464
20
3.232328872
10
20.620964249
20
3.231934463
10
20.442265045
20
3.231540054
10
20.263572852
20
3.231145645
10
20.084887670
20
3.230751236
10
19.906209500
20
3.230356827
10
19.727538340
20
3.229962419
10
19.548874191
20
3.229568010
10
19.370217054
20
3.229173601
10
19.191566928
20
3.228779192
10
19.012923812
20
3.228384783
10
18.834287708
20
3.227990374
10
18.655658615
20
3.227595965
10
18.477036533
20
3.227201557
10
18.298421462
20
3.226807148
10
18.119813402
20
3.226412739
10
17.941212353
20
3.226018330
10
17.762618316
20
3.225623921
10
17.584031289
20
3.225229512
10
17.405451273
20
3.224835103
10
17.226878269
20
3.224440694
10
17.048312276
20
3.224046286
10
16.869753293
20
3.223651877
10
16.691201322
20
3.223257468
10
16.512656362
20
3.222863059
10
16.334118413
20
3.222468650
10
16.155587475
20
3.222074241
10
15.977063548
20
3.221679832
10
15.798546632
20
3.221285424
10
15.620036727
20
3.220891015
10
15.441533834
20
3.220496606
10
15.263037951
20
3.220102197
10
15.084549080
20
3.219707788
10
14.906067219
20
3.219313379
10
14.727592370
20
3.218918970
10
14.549124532
20
3.218524561
10
14.370663704
20
3.218130153
10
14.192209888
20
3.217735744
10
14.013763083
20
3.217341335
10
13.835323289
20
3.216946926
10
13.656890507
20
3.216552517
10
13.478464735
20
3.216158108
10
13.300045974
20
3.215763699
10
13.121634224
20
3.215369291
10
12.943229486
20
3.214974882
10
12.764831759
20
3.214580473
10
12.586441042
20
3.214186064
10
12.408057337
20
3.213791655
10
12.229680643
20
3.213397246
10
12.051310960
20
3.213002837
10
11.872948287
20
3.212608428
10
11.694592627
20
3.212214020
10
11.516243977
20
3.211819611
10
11.337902338
20
3.211425202
10
11.159567710
20
3.211030793
10
10.981240093
20
3.210636384
10
10.802919488
20
3.210241975
10
10.624605893
20
3.209847566
10
10.446299310
20
3.209453158
10
10.267999738
20
3.209058749
10
10.089707176
20
3.208664340
10
9.911421626
20
3.208269931
10
9.733143087
20
3.207875522
10
9.554871559
20
3.207481113
10
9.376607042
20
3.207086704
10
9.198349536
20
3.206692296
10
9.020099042
20
3.206297887
10
8.841855558
20
3.205903478
10
8.663619085
20
3.205509069
10
8.485389624
20
3.205114660
10
8.307167173
20
3.204720251
10
8.128951734
20
3.204325842
10
7.950743306
20
3.203931433
10
7.772541889
20
3.203537025
10
7.594347483
20
3.203142616
10
7.416160088
20
3.202748207
10
7.237979704
20
3.202353798
10
7.059806331
20
3.201959389
10
6.881639969
20
3.201564980
10
6.703480618
20
3.201170571
10
6.525328279
20
3.200776163
10
6.347182950
20
3.200381754
10
6.169044633
20
3.199987345
10
5.990913326
20
3.199592936
10
5.812789031
20
3.199198527
10
5.634671747
20
3.198804118
10
5.456561474
20
3.198409709
10
5.278458211
20
3.198015300
10
5.100361960
20
3.197620892
10
4.922272721
20
3.197226483
10
4.744190492
20
3.196832074
10
4.566115274
20
3.196437665
10
4.388047067
20
3.196043256
10
4.209985872
20
3.195648847
10
4.031931687
20
3.195254438
10
3.853884514
20
3.194860030
10
3.675844352
20
3.194465621
10
3.497811200
20
3.194071212
10
3.319785060
20
3.193676803
10
3.141765931
20
3.193282394
10
2.963753813
20
3.192887985
10
2.785748706
20
3.192493576
10
2.607750610
20
3.192099167
10
2.429759525
20
3.191704759
10
2.251775452
20
3.191310350
10
2.073798389
20
3.190915941
10
1.895828338
20
3.190521532
10
1.717865297
20
3.190127123
10
1.539909268
20
3.189732714
10
1.361960250
20
3.189338305
10
1.184018242
20
3.188943897
10
1.006083246
20
3.188549488
10
0.828155261
20
3.188155079
10
0.650234287
20
3.187760670
10
0.472320324
20
3.187366261
10
0.294413373
20
3.186971852
10
0.116513432
20
3.186577443
10
-0.061379498
20
3.186183034
10
-0.239265416
20
3.185788626
10
-0.417144324
20
3.185394217
10
-0.595016220
20
3.184999808
10
-0.772881106
20
3.184605399
10
-0.950738980
20
3.184210990
10
-1.128589843
20
3.183816581
10
-1.306433695
20
3.183422172
10
-1.484270536
20
3.183027764
10
-1.662100366
20
3.182633355
10
-1.839923185
20
3.182238946
10
-2.017738992
20
3.181844537
10
-2.195547789
20
3.181450128
10
-2.373349575
20
3.181055719
10
-2.551144349
20
3.180661310
10
-2.728932113
20
3.180266901
10
-2.906712865
20
3.179872493
10
-3.084486606
20
3.179478084
0
LWPOLYLINE
100
AcDbEntity
8
COPPER_L1_TOP
100
AcDbPolyline
90
220
70
0
38
0.000000000
10
-3.084486606
20
3.179478084
10
-3.262253336
20
3.179083675
10
-3.440013056
20
3.178689266
10
-3.617765764
20
3.178294857
10
-3.795511461
20
3.177900448
10
-3.973250146
20
3.177506039
10
-4.150981821
20
3.177111631
10
-4.328706485
20
3.176717222
10
-4.506424138
20
3.176322813
10
-4.684134779
20
3.175928404
10
-4.861838410
20
3.175533995
10
-5.039535029
20
3.175139586
10
-5.217224637
20
3.174745177
10
-5.394907234
20
3.174350768
10
-5.572582821
20
3.173956360
10
-5.750251396
20
3.173561951
10
-5.927912960
20
3.173167542
10
-6.105567512
20
3.172773133
10
-6.283215054
20
3.172378724
10
-6.460855585
20
3.171984315
10
-6.638489105
20
3.171589906
10
-6.816115613
20
3.171195498
10
-6.993735111
20
3.170801089
10
-7.171347597
20
3.170406680
10
-7.348953072
20
3.170012271
10
-7.526551537
20
3.169617862
10
-7.704142990
20
3.169223453
10
-7.881727432
20
3.168829044
10
-8.059304863
20
3.168434635
10
-8.236875283
20
3.168040227
10
-8.414438692
20
3.167645818
10
-8.591995089
20
3.167251409
10
-8.769544476
20
3.166857000
10
-8.947086852
20
3.166462591
10
-9.124622216
20
3.166068182
10
-9.302150570
20
3.165673773
10
-9.479671912
20
3.165279365
10
-9.657186243
20
3.164884956
10
-9.834693564
20
3.164490547
10
-10.012193873
20
3.164096138
10
-10.189687171
20
3.163701729
10
-10.367173458
20
3.163307320
10
-10.544652734
20
3.162912911
10
-10.722124998
20
3.162518502
10
-10.899590252
20
3.162124094
10
-11.077048495
20
3.161729685
10
-11.254499726
20
3.161335276
10
-11.431943947
20
3.160940867
10
-11.609381156
20
3.160546458
10
-11.786811354
20
3.160152049
10
-11.964234542
20
3.159757640
10
-12.141650718
20
3.159363232
10
-12.319059883
20
3.158968823
10
-12.496462037
20
3.158574414
10
-12.673857180
20
3.158180005
10
-12.851245312
20
3.157785596
10
-13.028626432
20
3.157391187
10
-13.206000542
20
3.156996778
10
-13.383367641
20
3.156602370
10
-13.560727728
20
3.156207961
10
-13.738080805
20
3.155813552
10
-13.915426870
20
3.155419143
10
-14.092765924
20
3.155024734
10
-14.270097967
20
3.154630325
10
-14.447422999
20
3.154235916
10
-14.624741020
20
3.153841507
10
-14.802052030
20
3.153447099
10
-14.979356029
20
3.153052690
10
-15.156653017
20
3.152658281
10
-15.333942994
20
3.152263872
10
-15.511225959
20
3.151869463
10
-15.688501914
20
3.151475054
10
-15.865770857
20
3.151080645
10
-16.043032790
20
3.150686237
10
-16.220287711
20
3.150291828
10
-16.397535621
20
3.149897419
10
-16.574776520
20
3.149503010
10
-16.752010408
20
3.149108601
10
-16.929237285
20
3.148714192
10
-17.106457151
20
3.148319783
10
-17.283670006
20
3.147925374
10
-17.460875850
20
3.147530966
10
-17.638074682
20
3.147136557
10
-17.815266504
20
3.146742148
10
-17.992451314
20
3.146347739
10
-18.169629114
20
3.145953330
10
-18.346799902
20
3.145558921
10
-18.523963679
20
3.145164512
10
-18.701120446
20
3.144770104
10
-18.878270201
20
3.144375695
10
-19.055412945
20
3.143981286
10
-19.232548678
20
3.143586877
10
-19.409677399
20
3.143192468
10
-19.586799110
20
3.142798059
10
-19.763913810
20
3.142403650
10
-19.941021498
20
3.142009241
10
-20.118122176
20
3.141614833
10
-20.295215842
20
3.141220424
10
-20.472302498
20
3.140826015
10
-20.649382142
20
3.140431606
10
-20.826454775
20
3.140037197
10
-21.003520397
20
3.139642788
10
-21.180579008
20
3.139248379
10
-21.357630608
20
3.138853971
10
-21.534675197
20
3.138459562
10
-21.711712775
20
3.138065153
10
-21.888743342
20
3.137670744
10
-22.065766897
20
3.137276335
10
-22.242783442
20
3.136881926
10
-22.419792975
20
3.136487517
10
-22.596795498
20
3.136093108
10
-22.773791009
20
3.135698700
10
-22.950779509
20
3.135304291
10
-23.127760998
20
3.134909882
10
-23.304735476
20
3.134515473
10
-23.481702943
20
3.134121064
10
-23.658663399
20
3.133726655
10
-23.835616844
20
3.133332246
10
-24.012563278
20
3.132937838
10
-24.189502701
20
3.132543429
10
-24.366435112
20
3.132149020
10
-24.543360513
20
3.131754611
10
-24.720278902
20
3.131360202
10
-24.897190280
20
3.130965793
10
-25.074094648
20
3.130571384
10
-25.250992004
20
3.130176975
10
-25.427882349
20
3.129782567
10
-25.604765683
20
3.129388158
10
-25.781642006
20
3.128993749
10
-25.958511318
20
3.128599340
10
-26.135373618
20
3.128204931
10
-26.312228908
20
3.127810522
10
-26.489077187
20
3.127416113
10
-26.665918454
20
3.127021705
10
-26.842752711
20
3.126627296
10
-27.019579956
20
3.126232887
10
-27.196400190
20
3.125838478
10
-27.373213414
20
3.125444069
10
-27.550019626
20
3.125049660
10
-27.726818827
20
3.124655251
10
-27.903611017
20
3.124260842
10
-28.080396196
20
3.123866434
10
-28.257174363
20
3.123472025
10
-28.433945520
20
3.123077616
10
-28.610709666
20
3.122683207
10
-28.787466800
20
3.122288798
10
-28.964216924
20
3.121894389
10
-29.140960036
20
3.121499980
10
-29.317696138
20
3.121105572
10
-29.494425228
20
3.120711163
10
-29.671147307
20
3.120316754
10
-29.847862375
20
3.119922345
10
-30.024570432
20
3.119527936
10
-30.201271478
20
3.119133527
10
-30.377965513
20
3.118739118
10
-30.554652536
20
3.118344709
10
-30.731332549
20
3.117950301
10
-30.908005551
20
3.117555892
10
-31.084671541
20
3.117161483
10
-31.261330521
20
3.116767074
10
-31.437982489
20
3.116372665
10
-31.614627446
20
3.115978256
10
-31.791265393
20
3.115583847
10
-31.967896328
20
3.115189439
10
-32.144520252
20
3.114795030
10
-32.321137165
20
3.114400621
10
-32.497747066
20
3.114006212
10
-32.674349957
20
3.113611803
10
-32.850945837
20
3.113217394
10
-33.027534706
20
3.112822985
10
-33.204116563
20
3.112428576
10
-33.380691410
20
3.112034168
10
-33.557259245
20
3.111639759
10
-33.733820069
20
3.111245350
10
-33.910373882
20
3.110850941
10
-34.086920685
20
3.110456532
10
-34.263460476
20
3.110062123
10
-34.439993256
20
3.109667714
10
-34.616519025
20
3.109273306
10
-34.793037782
20
3.108878897
10
-34.969549529
20
3.108484488
10
-35.146054265
20
3.108090079
10
-35.322551989
20
3.107695670
10
-35.499042703
20
3.107301261
10
-35.675526405
20
3.106906852
10
-35.852003097
20
3.106512444
10
-36.028472777
20
3.106118035
10
-36.204935446
20
3.105723626
10
-36.381276560
20
3.101716058
10
-36.553648243
20
3.065291058
10
-36.713909981
20
2.991866047
10
-36.854245767
20
2.884999015
10
-36.967810641
20
2.749874396
10
-37.049063445
20
2.593050382
10
-37.094036025
20
2.422139506
10
-37.102568355
20
2.245389371
10
-37.102173946
20
2.068200984
10
-37.101779537
20
1.891019607
10
-37.101385128
20
1.713845242
10
-37.100990719
20
1.536677888
10
-37.100596311
20
1.359517546
10
-37.100201902
20
1.182364214
10
-37.099807493
20
1.005217893
10
-37.099413084
20
0.828078584
10
-37.099018675
20
0.650946285
10
-37.098624266
20
0.473820998
10
-37.098229857
20
0.296702721
10
-37.097835448
20
0.119591456
10
-37.097441040
20
-0.057512798
10
-37.097046631
20
-0.234610041
10
-37.096652222
20
-0.411700273
10
-37.096257813
20
-0.588783494
10
-37.095863404
20
-0.765859704
10
-37.095468995
20
-0.942928903
10
-37.095074586
20
-1.119991091
10
-37.094680178
20
-1.297046267
10
-37.094285769
20
-1.474094433
10
-37.093891360
20
-1.651135587
10
-37.093496951
20
-1.828169731
10
-37.093102542
20
-2.005196863
0
LWPOLYLINE
100
AcDbEntity
8
COPPER_L1_TOP
100
AcDbPolyline
90
220
70
0
38
0.000000000
10
-37.093102542
20
-2.005196863
10
-37.092708133
20
-2.182216984
10
-37.089516730
20
-2.359152091
10
-37.054901661
20
-2.532456090
10
-36.982925216
20
-2.693974421
10
-36.877096834
20
-2.835780342
10
-36.742582711
20
-2.950913815
10
-36.585952418
20
-3.033721994
10
-36.414856907
20
-3.080135592
10
-36.237617231
20
-3.089552862
10
-36.059871391
20
-3.089158453
10
-35.882132563
20
-3.088764045
10
-35.704400746
20
-3.088369636
10
-35.526675940
20
-3.087975227
10
-35.348958145
20
-3.087580818
10
-35.171247361
20
-3.087186409
10
-34.993543589
20
-3.086792000
10
-34.815846827
20
-3.086397591
10
-34.638157076
20
-3.086003182
10
-34.460474337
20
-3.085608774
10
-34.282798608
20
-3.085214365
10
-34.105129891
20
-3.084819956
10
-33.927468185
20
-3.084425547
10
-33.749813489
20
-3.084031138
10
-33.572165805
20
-3.083636729
10
-33.394525132
20
-3.083242320
10
-33.216891470
20
-3.082847912
10
-33.039264819
20
-3.082453503
10
-32.861645180
20
-3.082059094
10
-32.684032551
20
-3.081664685
10
-32.506426933
20
-3.081270276
10
-32.328828327
20
-3.080875867
10
-32.151236731
20
-3.080481458
10
-31.973652147
20
-3.080087049
10
-31.796074574
20
-3.079692641
10
-31.618504011
20
-3.079298232
10
-31.440940460
20
-3.078903823
10
-31.263383920
20
-3.078509414
10
-31.085834391
20
-3.078115005
10
-30.908291873
20
-3.077720596
10
-30.730756367
20
-3.077326187
10
-30.553227871
20
-3.076931779
10
-30.375706386
20
-3.076537370
10
-30.198191913
20
-3.076142961
10
-30.020684450
20
-3.075748552
10
-29.843183999
20
-3.075354143
10
-29.665690558
20
-3.074959734
10
-29.488204129
20
-3.074565325
10
-29.310724711
20
-3.074170916
10
-29.133252304
20
-3.073776508
10
-28.955786908
20
-3.073382099
10
-28.778328523
20
-3.072987690
10
-28.600877149
20
-3.072593281
10
-28.423432786
20
-3.072198872
10
-28.245995434
20
-3.071804463
10
-28.068565094
20
-3.071410054
10
-27.891141764
20
-3.071015646
10
-27.713725446
20
-3.070621237
10
-27.536316139
20
-3.070226828
10
-27.358913842
20
-3.069832419
10
-27.181518557
20
-3.069438010
10
-27.004130283
20
-3.069043601
10
-26.826749020
20
-3.068649192
10
-26.649374768
20
-3.068254783
10
-26.472007527
20
-3.067860375
10
-26.294647297
20
-3.067465966
10
-26.117294078
20
-3.067071557
10
-25.939947871
20
-3.066677148
10
-25.762608674
20
-3.066282739
10
-25.585276489
20
-3.065888330
10
-25.407951314
20
-3.065493921
10
-25.230633151
20
-3.065099513
10
-25.053321999
20
-3.064705104
10
-24.876017858
20
-3.064310695
10
-24.698720728
20
-3.063916286
10
-24.521430609
20
-3.063521877
10
-24.344147501
20
-3.063127468
10
-24.166871404
20
-3.062733059
10
-23.989602318
20
-3.062338651
10
-23.812340243
20
-3.061944242
10
-23.635085180
20
-3.061549833
10
-23.457837127
20
-3.061155424
10
-23.280596086
20
-3.060761015
10
-23.103362056
20
-3.060366606
10
-22.926135036
20
-3.059972197
10
-22.748915028
20
-3.059577788
10
-22.571702031
20
-3.059183380
10
-22.394496045
20
-3.058788971
10
-22.217297070
20
-3.058394562
10
-22.040105106
20
-3.058000153
10
-21.862920153
20
-3.057605744
10
-21.685742212
20
-3.057211335
10
-21.508571281
20
-3.056816926
10
-21.331407361
20
-3.056422518
10
-21.154250453
20
-3.056028109
10
-20.977100556
20
-3.055633700
10
-20.799957669
20
-3.055239291
10
-20.622821794
20
-3.054844882
10
-20.445692930
20
-3.054450473
10
-20.268571077
20
-3.054056064
10
-20.091456235
20
-3.053661655
10
-19.914348404
20
-3.053267247
10
-19.737247584
20
-3.052872838
10
-19.560153775
20
-3.052478429
10
-19.383066978
20
-3.052084020
10
-19.205987191
20
-3.051689611
10
-19.028914416
20
-3.051295202
10
-18.851848651
20
-3.050900793
10
-18.674789898
20
-3.050506385
10
-18.497738156
20
-3.050111976
10
-18.320693425
20
-3.049717567
10
-18.143655705
20
-3.049323158
10
-17.966624996
20
-3.048928749
10
-17.789601298
20
-3.048534340
10
-17.612584611
20
-3.048139931
10
-17.435574935
20
-3.047745522
10
-17.258572270
20
-3.047351114
10
-17.081576617
20
-3.046956705
10
-16.904587974
20
-3.046562296
10
-16.727606343
20
-3.046167887
10
-16.550631722
20
-3.045773478
10
-16.373664113
20
-3.045379069
10
-16.196703515
20
-3.044984660
10
-16.019749928
20
-3.044590252
10
-15.842803352
20
-3.044195843
10
-15.665863787
20
-3.043801434
10
-15.488931233
20
-3.043407025
10
-15.312005690
20
-3.043012616
10
-15.135087158
20
-3.042618207
10
-14.958175638
20
-3.042223798
10
-14.781271128
20
-3.041829389
10
-14.604373630
20
-3.041434981
10
-14.427483142
20
-3.041040572
10
-14.250599666
20
-3.040646163
10
-14.073723201
20
-3.040251754
10
-13.896853747
20
-3.039857345
10
-13.719991304
20
-3.039462936
10
-13.543135872
20
-3.039068527
10
-13.366287451
20
-3.038674119
10
-13.189446041
20
-3.038279710
10
-13.012611642
20
-3.037885301
10
-12.835784254
20
-3.037490892
10
-12.658963878
20
-3.037096483
10
-12.482150512
20
-3.036702074
10
-12.305344158
20
-3.036307665
10
-12.128544814
20
-3.035913256
10
-11.951752482
20
-3.035518848
10
-11.774967161
20
-3.035124439
10
-11.598188851
20
-3.034730030
10
-11.421417552
20
-3.034335621
10
-11.244653264
20
-3.033941212
10
-11.067895987
20
-3.033546803
10
-10.891145721
20
-3.033152394
10
-10.714402467
20
-3.032757986
10
-10.537666223
20
-3.032363577
10
-10.360936990
20
-3.031969168
10
-10.184214769
20
-3.031574759
10
-10.007499559
20
-3.031180350
10
-9.830791359
20
-3.030785941
10
-9.654090171
20
-3.030391532
10
-9.477395994
20
-3.029997123
10
-9.300708828
20
-3.029602715
10
-9.124028673
20
-3.029208306
10
-8.947355529
20
-3.028813897
10
-8.770689396
20
-3.028419488
10
-8.594030275
20
-3.028025079
10
-8.417378164
20
-3.027630670
10
-8.240733064
20
-3.027236261
10
-8.064094976
20
-3.026841853
10
-7.887463898
20
-3.026447444
10
-7.710839832
20
-3.026053035
10
-7.534222777
20
-3.025658626
10
-7.357612733
20
-3.025264217
10
-7.181009700
20
-3.024869808
10
-7.004413678
20
-3.024475399
10
-6.827824667
20
-3.024080990
10
-6.651242667
20
-3.023686582
10
-6.474667678
20
-3.023292173
10
-6.298099700
20
-3.022897764
10
-6.121538734
20
-3.022503355
10
-5.944984778
20
-3.022108946
10
-5.768437834
20
-3.021714537
10
-5.591897900
20
-3.021320128
10
-5.415364978
20
-3.020925720
10
-5.238839067
20
-3.020531311
10
-5.062320167
20
-3.020136902
10
-4.885808278
20
-3.019742493
10
-4.709303400
20
-3.019348084
10
-4.532805533
20
-3.018953675
10
-4.356314677
20
-3.018559266
10
-4.179830833
20
-3.018164857
10
-4.003353999
20
-3.017770449
10
-3.826884176
20
-3.017376040
10
-3.650421365
20
-3.016981631
10
-3.473965564
20
-3.016587222
10
-3.297516775
20
-3.016192813
10
-3.121074997
20
-3.015798404
10
-2.944640230
20
-3.015403995
10
-2.768212474
20
-3.015009587
10
-2.591791729
20
-3.014615178
10
-2.415377995
20
-3.014220769
10
-2.238971272
20
-3.013826360
10
-2.062571560
20
-3.013431951
10
-1.886178860
20
-3.013037542
10
-1.709793170
20
-3.012643133
10
-1.533414492
20
-3.012248725
10
-1.357042824
20
-3.011854316
10
-1.180678168
20
-3.011459907
10
-1.004320522
20
-3.011065498
10
-0.827969888
20
-3.010671089
10
-0.651626265
20
-3.010276680
10
-0.475289653
20
-3.009882271
10
-0.298960052
20
-3.009487862
10
-0.122637462
20
-3.009093454
10
0.053678116
20
-3.008699045
10
0.229986684
20
-3.008304636
10
0.406288241
20
-3.007910227
10
0.582582786
20
-3.007515818
10
0.758870321
20
-3.007121409
10
0.935150844
20
-3.006727000
0
LWPOLYLINE
100
AcDbEntity
8
COPPER_L1_TOP
100
AcDbPolyline
90
220
70
0
38
0.000000000
10
0.935150844
20
-3.006727000
10
1.111424356
20
-3.006332592
10
1.287690858
20
-3.005938183
10
1.463950348
20
-3.005543774
10
1.640202827
20
-3.005149365
10
1.816448295
20
-3.004754956
10
1.992686752
20
-3.004360547
10
2.168918197
20
-3.003966138
10
2.345142632
20
-3.003571729
10
2.521360056
20
-3.003177321
10
2.697570468
20
-3.002782912
10
2.873773870
20
-3.002388503
10
3.049970260
20
-3.001994094
10
3.226159640
20
-3.001599685
10
3.402342008
20
-3.001205276
10
3.578517365
20
-3.000810867
10
3.754685711
20
-3.000416459
10
3.930847046
20
-3.000022050
10
4.107001370
20
-2.999627641
10
4.283148683
20
-2.999233232
10
4.459288984
20
-2.998838823
10
4.635422275
20
-2.998444414
10
4.811548555
20
-2.998050005
10
4.987667823
20
-2.997655596
10
5.163780081
20
-2.997261188
10
5.339885327
20
-2.996866779
10
5.515983562
20
-2.996472370
10
5.692074787
20
-2.996077961
10
5.868159000
20
-2.995683552
10
6.044236202
20
-2.995289143
10
6.220306393
20
-2.994894734
10
6.396369572
20
-2.994500326
10
6.572425741
20
-2.994105917
10
6.748474899
20
-2.993711508
10
6.924517046
20
-2.993317099
10
7.100552181
20
-2.992922690
10
7.276580306
20
-2.992528281
10
7.452601419
20
-2.992133872
10
7.628615521
20
-2.991739463
10
7.804622613
20
-2.991345055
10
7.980622693
20
-2.990950646
10
8.156615762
20
-2.990556237
10
8.332601820
20
-2.990161828
10
8.508580867
20
-2.989767419
10
8.684552902
20
-2.989373010
10
8.860517927
20
-2.988978601
10
9.036475941
20
-2.988584193
10
9.212426943
20
-2.988189784
10
9.388370935
20
-2.987795375
10
9.564307915
20
-2.987400966
10
9.740237885
20
-2.987006557
10
9.916160843
20
-2.986612148
10
10.092076790
20
-2.986217739
10
10.267985726
20
-2.985823330
10
10.443887651
20
-2.985428922
10
10.619782565
20
-2.985034513
10
10.795670468
20
-2.984640104
10
10.971551360
20
-2.984245695
10
11.147425240
20
-2.983851286
10
11.323292110
20
-2.983456877
10
11.499151969
20
-2.983062468
10
11.675004816
20
-2.982668060
10
11.850850652
20
-2.982273651
10
12.026689478
20
-2.981879242
10
12.202521292
20
-2.981484833
10
12.378346095
20
-2.981090424
10
12.554163887
20
-2.980696015
10
12.729974668
20
-2.980301606
10
12.905778438
20
-2.979907197
10
13.081575197
20
-2.979512789
10
13.257364944
20
-2.979118380
10
13.433147681
20
-2.978723971
10
13.608923407
20
-2.978329562
10
13.784692121
20
-2.977935153
10
13.960453824
20
-2.977540744
10
14.136208517
20
-2.977146335
10
14.311956198
20
-2.976751927
10
14.487696868
20
-2.976357518
10
14.663430527
20
-2.975963109
10
14.839157175
20
-2.975568700
10
15.014876812
20
-2.975174291
10
15.190589438
20
-2.974779882
10
15.366295053
20
-2.974385473
10
15.541993656
20
-2.973991064
10
15.717685249
20
-2.973596656
10
15.893369831
20
-2.973202247
10
16.069047401
20
-2.972807838
10
16.244717960
20
-2.972413429
10
16.420381509
20
-2.972019020
10
16.596038046
20
-2.971624611
10
16.771687572
20
-2.971230202
10
16.947330087
20
-2.970835794
10
17.122965591
20
-2.970441385
10
17.298594084
20
-2.970046976
10
17.474215565
20
-2.969652567
10
17.649830036
20
-2.969258158
10
17.825437496
20
-2.968863749
10
18.001037944
20
-2.968469340
10
18.176631382
20
-2.968074931
10
18.352217808
20
-2.967680523
10
18.527797223
20
-2.967286114
10
18.703369628
20
-2.966891705
10
18.878935021
20
-2.966497296
10
19.054493403
20
-2.966102887
10
19.230044774
20
-2.965708478
10
19.405589134
20
-2.965314069
10
19.581126483
20
-2.964919661
10
19.756656820
20
-2.964525252
10
19.932180147
20
-2.964130843
10
20.107696463
20
-2.963736434
10
20.283205767
20
-2.963342025
10
20.458708060
20
-2.962947616
10
20.634203343
20
-2.962553207
10
20.809691614
20
-2.962158799
10
20.985172874
20
-2.961764390
10
21.160647123
20
-2.961369981
10
21.336114361
20
-2.960975572
10
21.511574588
20
-2.960581163
10
21.687027804
20
-2.960186754
10
21.862474009
20
-2.959792345
10
22.037913202
20
-2.959397936
10
22.213345385
20
-2.959003528
10
22.388770557
20
-2.958609119
10
22.564188717
20
-2.958214710
10
22.739599866
20
-2.957820301
10
22.915004005
20
-2.957425892
10
23.090401132
20
-2.957031483
10
23.265791248
20
-2.956637074
10
23.441174353
20
-2.956242666
10
23.616550447
20
-2.955848257
10
23.791919530
20
-2.955453848
10
23.967281602
20
-2.955059439
10
24.142636662
20
-2.954665030
10
24.317984712
20
-2.954270621
10
24.493325751
20
-2.953876212
10
24.668659778
20
-2.953481803
10
24.843986794
20
-2.953087395
10
25.019306800
20
-2.952692986
10
25.194619794
20
-2.952298577
10
25.369925777
20
-2.951904168
10
25.545224749
20
-2.951509759
10
25.720516710
20
-2.951115350
10
25.895801660
20
-2.950720941
10
26.071079599
20
-2.950326533
10
26.246350527
20
-2.949932124
10
26.421614443
20
-2.949537715
10
26.596871349
20
-2.949143306
10
26.772121243
20
-2.948748897
10
26.947364127
20
-2.948354488
10
27.122599999
20
-2.947960079
10
27.297828860
20
-2.947565670
10
27.473050711
20
-2.947171262
10
27.648265550
20
-2.946776853
10
27.823473378
20
-2.946382444
10
27.998674195
20
-2.945988035
10
28.173868001
20
-2.945593626
10
28.349054795
20
-2.945199217
10
28.524234579
20
-2.944804808
10
28.699407352
20
-2.944410400
10
28.874573113
20
-2.944015991
10
29.049731864
20
-2.943621582
10
29.224883603
20
-2.943227173
10
29.400028331
20
-2.942832764
10
29.575166048
20
-2.942438355
10
29.750296755
20
-2.942043946
10
29.925420450
20
-2.941649537
10
30.100537134
20
-2.941255129
10
30.275646807
20
-2.940860720
10
30.450749468
20
-2.940466311
10
30.625845119
20
-2.940071902
10
30.800933759
20
-2.939677493
10
30.976015387
20
-2.939283084
10
31.151090005
20
-2.938888675
10
31.326157611
20
-2.938494267
10
31.501218206
20
-2.938099858
10
31.676271791
20
-2.937705449
10
31.851318364
20
-2.937311040
10
32.026357926
20
-2.936916631
10
32.201390477
20
-2.936522222
10
32.376416017
20
-2.936127813
10
32.551434546
20
-2.935733404
10
32.726446064
20
-2.935338996
10
32.901450570
20
-2.934944587
10
33.076448066
20
-2.934550178
10
33.251438550
20
-2.934155769
10
33.426422024
20
-2.933761360
10
33.601398486
20
-2.933366951
10
33.776367937
20
-2.932972542
10
33.951330378
20
-2.932578134
10
34.126285807
20
-2.932183725
10
34.301234225
20
-2.931789316
10
34.476175632
20
-2.931394907
10
34.651110028
20
-2.931000498
10
34.826037412
20
-2.930606089
10
35.000957786
20
-2.930211680
10
35.175871149
20
-2.929817271
10
35.350777500
20
-2.929422863
10
35.525676841
20
-2.929028454
10
35.700569170
20
-2.928634045
10
35.875454488
20
-2.928239636
10
36.050332796
20
-2.927845227
10
36.224961018
20
-2.921485931
10
36.394799906
20
-2.880922060
10
36.551834315
20
-2.804326005
10
36.688541480
20
-2.695344102
10
36.798371595
20
-2.559169715
10
36.876060535
20
-2.402294633
10
36.917881036
20
-2.232198502
10
36.924689956
20
-2.056910119
10
36.924295547
20
-1.881306094
10
36.923901138
20
-1.705709080
10
36.923506730
20
-1.530119077
10
36.923112321
20
-1.354536085
10
36.922717912
20
-1.178960104
10
36.922323503
20
-1.003391134
10
36.921929094
20
-0.827829175
10
36.921534685
20
-0.652274228
10
36.921140276
20
-0.476726291
10
36.920745868
20
-0.301185366
10
36.920351459
20
-0.125651451
0
LWPOLYLINE
100
AcDbEntity
8
COPPER_L1_TOP
100
AcDbPolyline
90
220
70
0
38
0.000000000
10
36.920351459
20
-0.125651451
10
36.919957050
20
0.049875452
10
36.919562641
20
0.225395344
10
36.919168232
20
0.400908225
10
36.918773823
20
0.576414096
10
36.918379414
20
0.751912955
10
36.917985006
20
0.927404803
10
36.917590597
20
1.102889639
10
36.917196188
20
1.278367465
10
36.916801779
20
1.453838280
10
36.916407370
20
1.629302084
10
36.916012961
20
1.804758876
10
36.915618552
20
1.980208657
10
36.914202882
20
2.155634224
10
36.885777741
20
2.328462998
10
36.820263672
20
2.491007159
10
36.720797711
20
2.635429633
10
36.592149425
20
2.754766589
10
36.440491057
20
2.843262143
10
36.273100278
20
2.896644851
10
36.098009114
20
2.912463281
10
35.921833614
20
2.912068873
10
35.745665126
20
2.911674464
10
35.569503649
20
2.911280055
10
35.393349183
20
2.910885646
10
35.217201727
20
2.910491237
10
35.041061283
20
2.910096828
10
34.864927850
20
2.909702419
10
34.688801429
20
2.909308010
10
34.512682018
20
2.908913602
10
34.336569618
20
2.908519193
10
34.160464229
20
2.908124784
10
33.984365852
20
2.907730375
10
33.808274485
20
2.907335966
10
33.632190130
20
2.906941557
10
33.456112786
20
2.906547148
10
33.280042452
20
2.906152740
10
33.103979130
20
2.905758331
10
32.927922819
20
2.905363922
10
32.751873519
20
2.904969513
10
32.575831230
20
2.904575104
10
32.399795952
20
2.904180695
10
32.223767685
20
2.903786286
10
32.047746430
20
2.903391877
10
31.871732185
20
2.902997469
10
31.695724952
20
2.902603060
10
31.519724729
20
2.902208651
10
31.343731518
20
2.901814242
10
31.167745318
20
2.901419833
10
30.991766128
20
2.901025424
10
30.815793950
20
2.900631015
10
30.639828783
20
2.900236607
10
30.463870627
20
2.899842198
10
30.287919482
20
2.899447789
10
30.111975349
20
2.899053380
10
29.936038226
20
2.898658971
10
29.760108114
20
2.898264562
10
29.584185014
20
2.897870153
10
29.408268924
20
2.897475744
10
29.232359846
20
2.897081336
10
29.056457778
20
2.896686927
10
28.880562722
20
2.896292518
10
28.704674677
20
2.895898109
10
28.528793643
20
2.895503700
10
28.352919620
20
2.895109291
10
28.177052608
20
2.894714882
10
28.001192607
20
2.894320474
10
27.825339618
20
2.893926065
10
27.649493639
20
2.893531656
10
27.473654671
20
2.893137247
10
27.297822715
20
2.892742838
10
27.121997769
20
2.892348429
10
26.946179835
20
2.891954020
10
26.770368912
20
2.891559611
10
26.594565000
20
2.891165203
10
26.418768099
20
2.890770794
10
26.242978208
20
2.890376385
10
26.067195330
20
2.889981976
10
25.891419462
20
2.889587567
10
25.715650605
20
2.889193158
10
25.539888759
20
2.888798749
10
25.364133925
20
2.888404341
10
25.188386101
20
2.888009932
10
25.012645289
20
2.887615523
10
24.836911487
20
2.887221114
10
24.661184697
20
2.886826705
10
24.485464918
20
2.886432296
10
24.309752150
20
2.886037887
10
24.134046393
20
2.885643478
10
23.958347647
20
2.885249070
10
23.782655912
20
2.884854661
10
23.606971188
20
2.884460252
10
23.431293475
20
2.884065843
10
23.255622773
20
2.883671434
10
23.079959083
20
2.883277025
10
22.904302403
20
2.882882616
10
22.728652735
20
2.882488208
10
22.553010078
20
2.882093799
10
22.377374431
20
2.881699390
10
22.201745796
20
2.881304981
10
22.026124172
20
2.880910572
10
21.850509559
20
2.880516163
10
21.674901957
20
2.880121754
10
21.499301366
20
2.879727345
10
21.323707787
20
2.879332937
10
21.148121218
20
2.878938528
10
20.972541660
20
2.878544119
10
20.796969114
20
2.878149710
10
20.621403578
20
2.877755301
10
20.445845054
20
2.877360892
10
20.270293541
20
2.876966483
10
20.094749039
20
2.876572075
10
19.919211548
20
2.876177666
10
19.743681067
20
2.875783257
10
19.568157599
20
2.875388848
10
19.392641141
20
2.874994439
10
19.217131694
20
2.874600030
10
19.041629258
20
2.874205621
10
18.866133834
20
2.873811212
10
18.690645420
20
2.873416804
10
18.515164018
20
2.873022395
10
18.339689626
20
2.872627986
10
18.164222246
20
2.872233577
10
17.988761877
20
2.871839168
10
17.813308518
20
2.871444759
10
17.637862171
20
2.871050350
10
17.462422835
20
2.870655942
10
17.286990510
20
2.870261533
10
17.111565197
20
2.869867124
10
16.936146894
20
2.869472715
10
16.760735602
20
2.869078306
10
16.585331322
20
2.868683897
10
16.409934052
20
2.868289488
10
16.234543794
20
2.867895080
10
16.059160546
20
2.867500671
10
15.883784310
20
2.867106262
10
15.708415085
20
2.866711853
10
15.533052871
20
2.866317444
10
15.357697668
20
2.865923035
10
15.182349476
20
2.865528626
10
15.007008295
20
2.865134217
10
14.831674125
20
2.864739809
10
14.656346967
20
2.864345400
10
14.481026819
20
2.863950991
10
14.305713682
20
2.863556582
10
14.130407557
20
2.863162173
10
13.955108443
20
2.862767764
10
13.779816339
20
2.862373355
10
13.604531247
20
2.861978947
10
13.429253166
20
2.861584538
10
13.253982096
20
2.861190129
10
13.078718037
20
2.860795720
10
12.903460989
20
2.860401311
10
12.728210952
20
2.860006902
10
12.552967927
20
2.859612493
10
12.377731912
20
2.859218084
10
12.202502908
20
2.858823676
10
12.027280916
20
2.858429267
10
11.852065935
20
2.858034858
10
11.676857964
20
2.857640449
10
11.501657005
20
2.857246040
10
11.326463057
20
2.856851631
10
11.151276120
20
2.856457222
10
10.976096194
20
2.856062814
10
10.800923279
20
2.855668405
10
10.625757375
20
2.855273996
10
10.450598482
20
2.854879587
10
10.275446601
20
2.854485178
10
10.100301730
20
2.854090769
10
9.925163870
20
2.853696360
10
9.750033022
20
2.853301951
10
9.574909185
20
2.852907543
10
9.399792358
20
2.852513134
10
9.224682543
20
2.852118725
10
9.049579739
20
2.851724316
10
8.874483946
20
2.851329907
10
8.699395164
20
2.850935498
10
8.524313393
20
2.850541089
10
8.349238633
20
2.850146681
10
8.174170885
20
2.849752272
10
7.999110147
20
2.849357863
10
7.824056421
20
2.848963454
10
7.649009705
20
2.848569045
10
7.473970001
20
2.848174636
10
7.298937307
20
2.847780227
10
7.123911625
20
2.847385818
10
6.948892954
20
2.846991410
10
6.773881294
20
2.846597001
10
6.598876645
20
2.846202592
10
6.423879007
20
2.845808183
10
6.248888380
20
2.845413774
10
6.073904765
20
2.845019365
10
5.898928160
20
2.844624956
10
5.723958566
20
2.844230548
10
5.548995984
20
2.843836139
10
5.374040412
20
2.843441730
10
5.199091852
20
2.843047321
10
5.024150303
20
2.842652912
10
4.849215765
20
2.842258503
10
4.674288238
20
2.841864094
10
4.499367722
20
2.841469685
10
4.324454217
20
2.841075277
10
4.149547723
20
2.840680868
10
3.974648240
20
2.840286459
10
3.799755768
20
2.839892050
10
3.624870308
20
2.839497641
10
3.449991858
20
2.839103232
10
3.275120420
20
2.838708823
10
3.100255992
20
2.838314415
10
2.925398576
20
2.837920006
10
2.750548171
20
2.837525597
10
2.575704777
20
2.837131188
10
2.400868394
20
2.836736779
10
2.226039022
20
2.836342370
10
2.051216661
20
2.835947961
10
1.876401311
20
2.835553552
10
1.701592972
20
2.835159144
10
1.526791645
20
2.834764735
10
1.351997328
20
2.834370326
10
1.177210023
20
2.833975917
0
LWPOLYLINE
100
AcDbEntity
8
COPPER_L1_TOP
100
AcDbPolyline
90
220
70
0
38
0.000000000
10
1.177210023
20
2.833975917
10
1.002429728
20
2.833581508
10
0.827656445
20
2.833187099
10
0.652890173
20
2.832792690
10
0.478130912
20
2.832398282
10
0.303378662
20
2.832003873
10
0.128633423
20
2.831609464
10
-0.046104805
20
2.831215055
10
-0.220836022
20
2.830820646
10
-0.395560228
20
2.830426237
10
-0.570277423
20
2.830031828
10
-0.744987606
20
2.829637419
10
-0.919690779
20
2.829243011
10
-1.094386940
20
2.828848602
10
-1.269076090
20
2.828454193
10
-1.443758230
20
2.828059784
10
-1.618433358
20
2.827665375
10
-1.793101475
20
2.827270966
10
-1.967762581
20
2.826876557
10
-2.142416676
20
2.826482149
10
-2.317063760
20
2.826087740
10
-2.491703833
20
2.825693331
10
-2.666336894
20
2.825298922
10
-2.840962945
20
2.824904513
10
-3.015581984
20
2.824510104
10
-3.190194013
20
2.824115695
10
-3.364799030
20
2.823721286
10
-3.539397037
20
2.823326878
10
-3.713988032
20
2.822932469
10
-3.888572016
20
2.822538060
10
-4.063148989
20
2.822143651
10
-4.237718951
20
2.821749242
10
-4.412281902
20
2.821354833
10
-4.586837842
20
2.820960424
10
-4.761386770
20
2.820566016
10
-4.935928688
20
2.820171607
10
-5.110463595
20
2.819777198
10
-5.284991490
20
2.819382789
10
-5.459512375
20
2.818988380
10
-5.634026248
20
2.818593971
10
-5.808533110
20
2.818199562
10
-5.983032961
20
2.817805154
10
-6.157525801
20
2.817410745
10
-6.332011630
20
2.817016336
10
-6.506490448
20
2.816621927
10
-6.680962255
20
2.816227518
10
-6.855427051
20
2.815833109
10
-7.029884836
20
2.815438700
10
-7.204335609
20
2.815044291
10
-7.378779372
20
2.814649883
10
-7.553216123
20
2.814255474
10
-7.727645864
20
2.813861065
10
-7.902068593
20
2.813466656
10
-8.076484311
20
2.813072247
10
-8.250893018
20
2.812677838
10
-8.425294714
20
2.812283429
10
-8.599689399
20
2.811889021
10
-8.774077073
20
2.811494612
10
-8.948457736
20
2.811100203
10
-9.122831387
20
2.810705794
10
-9.297198028
20
2.810311385
10
-9.471557658
20
2.809916976
10
-9.645910276
20
2.809522567
10
-9.820255884
20
2.809128158
10
-9.994594480
20
2.808733750
10
-10.168926065
20
2.808339341
10
-10.343250639
20
2.807944932
10
-10.517568202
20
2.807550523
10
-10.691878754
20
2.807156114
10
-10.866182295
20
2.806761705
10
-11.040478825
20
2.806367296
10
-11.214768344
20
2.805972888
10
-11.389050851
20
2.805578479
10
-11.563326348
20
2.805184070
10
-11.737594833
20
2.804789661
10
-11.911856308
20
2.804395252
10
-12.086110771
20
2.804000843
10
-12.260358224
20
2.803606434
10
-12.434598665
20
2.803212025
10
-12.608832095
20
2.802817617
10
-12.783058514
20
2.802423208
10
-12.957277922
20
2.802028799
10
-13.131490319
20
2.801634390
10
-13.305695704
20
2.801239981
10
-13.479894079
20
2.800845572
10
-13.654085443
20
2.800451163
10
-13.828269795
20
2.800056755
10
-14.002447137
20
2.799662346
10
-14.176617467
20
2.799267937
10
-14.350780786
20
2.798873528
10
-14.524937095
20
2.798479119
10
-14.699086392
20
2.798084710
10
-14.873228678
20
2.797690301
10
-15.047363953
20
2.797295892
10
-15.221492217
20
2.796901484
10
-15.395613469
20
2.796507075
10
-15.569727711
20
2.796112666
10
-15.743834942
20
2.795718257
10
-15.917935161
20
2.795323848
10
-16.092028370
20
2.794929439
10
-16.266114567
20
2.794535030
10
-16.440193754
20
2.794140622
10
-16.614265929
20
2.793746213
10
-16.788331093
20
2.793351804
10
-16.962389246
20
2.792957395
10
-17.136440388
20
2.792562986
10
-17.310484519
20
2.792168577
10
-17.484521639
20
2.791774168
10
-17.658551748
20
2.791379759
10
-17.832574845
20
2.790985351
10
-18.006590932
20
2.790590942
10
-18.180600007
20
2.790196533
10
-18.354602072
20
2.789802124
10
-18.528597125
20
2.789407715
10
-18.702585167
20
2.789013306
10
-18.876566199
20
2.788618897
10
-19.050540219
20
2.788224489
10
-19.224507228
20
2.787830080
10
-19.398467226
20
2.787435671
10
-19.572420213
20
2.787041262
10
-19.746366188
20
2.786646853
10
-19.920305153
20
2.786252444
10
-20.094237107
20
2.785858035
10
-20.268162049
20
2.785463626
10
-20.442079981
20
2.785069218
10
-20.615990901
20
2.784674809
10
-20.789894810
20
2.784280400
10
-20.963791709
20
2.783885991
10
-21.137681596
20
2.783491582
10
-21.311564472
20
2.783097173
10
-21.485440337
20
2.782702764
10
-21.659309191
20
2.782308356
10
-21.833171034
20
2.781913947
10
-22.007025865
20
2.781519538
10
-22.180873686
20
2.781125129
10
-22.354714495
20
2.780730720
10
-22.528548294
20
2.780336311
10
-22.702375081
20
2.779941902
10
-22.876194858
20
2.779547493
10
-23.050007623
20
2.779153085
10
-23.223813377
20
2.778758676
10
-23.397612120
20
2.778364267
10
-23.571403852
20
2.777969858
10
-23.745188573
20
2.777575449
10
-23.918966283
20
2.777181040
10
-24.092736982
20
2.776786631
10
-24.266500670
20
2.776392223
10
-24.440257346
20
2.775997814
10
-24.614007012
20
2.775603405
10
-24.787749666
20
2.775208996
10
-24.961485309
20
2.774814587
10
-25.135213942
20
2.774420178
10
-25.308935563
20
2.774025769
10
-25.482650173
20
2.773631360
10
-25.656357772
20
2.773236952
10
-25.830058360
20
2.772842543
10
-26.003751937
20
2.772448134
10
-26.177438503
20
2.772053725
10
-26.351118057
20
2.771659316
10
-26.524790601
20
2.771264907
10
-26.698456134
20
2.770870498
10
-26.872114655
20
2.770476090
10
-27.045766166
20
2.770081681
10
-27.219410665
20
2.769687272
10
-27.393048153
20
2.769292863
10
-27.566678630
20
2.768898454
10
-27.740302096
20
2.768504045
10
-27.913918551
20
2.768109636
10
-28.087527995
20
2.767715228
10
-28.261130428
20
2.767320819
10
-28.434725850
20
2.766926410
10
-28.608314261
20
2.766532001
10
-28.781895660
20
2.766137592
10
-28.955470049
20
2.765743183
10
-29.129037426
20
2.765348774
10
-29.302597792
20
2.764954365
10
-29.476151148
20
2.764559957
10
-29.649697492
20
2.764165548
10
-29.823236825
20
2.763771139
10
-29.996769147
20
2.763376730
10
-30.170294458
20
2.762982321
10
-30.343812758
20
2.762587912
10
-30.517324047
20
2.762193503
10
-30.690828324
20
2.761799095
10
-30.864325591
20
2.761404686
10
-31.037815846
20
2.761010277
10
-31.211299091
20
2.760615868
10
-31.384775324
20
2.760221459
10
-31.558244547
20
2.759827050
10
-31.731706758
20
2.759432641
10
-31.905161958
20
2.759038232
10
-32.078610147
20
2.758643824
10
-32.252051325
20
2.758249415
10
-32.425485492
20
2.757855006
10
-32.598912648
20
2.757460597
10
-32.772332792
20
2.757066188
10
-32.945745926
20
2.756671779
10
-33.119152049
20
2.756277370
10
-33.292551160
20
2.755882962
10
-33.465943261
20
2.755488553
10
-33.639328350
20
2.755094144
10
-33.812706428
20
2.754699735
10
-33.986077495
20
2.754305326
10
-34.159441551
20
2.753910917
10
-34.332798596
20
2.753516508
10
-34.506148630
20
2.753122099
10
-34.679491653
20
2.752727691
10
-34.852827665
20
2.752333282
10
-35.026156666
20
2.751938873
10
-35.199478655
20
2.751544464
10
-35.372793634
20
2.751150055
10
-35.546101601
20
2.750755646
10
-35.719402558
20
2.750361237
10
-35.892696503
20
2.749966829
10
-36.065573052
20
2.741117651
10
-36.232948110
20
2.697158312
10
-36.386995848
20
2.618089233
10
-36.520468674
20
2.507607458
10
-36.627086113
20
2.370883620
10
-36.701829284
20
2.214318865
0
LWPOLYLINE
100
AcDbEntity
8
COPPER_L1_TOP
100
AcDbPolyline
90
220
70
0
38
0.000000000
10
-36.701829284
20
2.214318865
10
-36.741176067
20
2.045244123
10
-36.746811558
20
1.871464510
10
-36.746417149
20
1.697444847
10
-36.746022740
20
1.523432195
10
-36.745628331
20
1.349426554
10
-36.745233922
20
1.175427924
10
-36.744839513
20
1.001436305
10
-36.744445104
20
0.827451697
10
-36.744050696
20
0.653474100
10
-36.743656287
20
0.479503514
10
-36.743261878
20
0.305539940
10
-36.742867469
20
0.131583376
10
-36.742473060
20
-0.042366176
10
-36.742078651
20
-0.216308718
10
-36.741684242
20
-0.390244248
10
-36.741289833
20
-0.564172767
10
-36.740895425
20
-0.738094275
10
-36.740501016
20
-0.912008772
10
-36.740106607
20
-1.085916258
10
-36.739712198
20
-1.259816733
10
-36.739317789
20
-1.433710197
10
-36.738923380
20
-1.607596650
10
-36.738528971
20
-1.781476092
10
-36.737949369
20
-1.955347194
10
-36.714935447
20
-2.127391084
10
-36.655194116
20
-2.290465718
10
-36.561534136
20
-2.436847651
10
-36.438366361
20
-2.559603709
10
-36.291494891
20
-2.652918338
10
-36.127842486
20
-2.712368028
10
-35.955123230
20
-2.735129886
10
-35.780520077
20
-2.734979292
10
-35.605921928
20
-2.734584883
10
-35.431330791
20
-2.734190474
10
-35.256746664
20
-2.733796065
10
-35.082169549
20
-2.733401656
10
-34.907599444
20
-2.733007247
10
-34.733036351
20
-2.732612838
10
-34.558480269
20
-2.732218430
10
-34.383931198
20
-2.731824021
10
-34.209389138
20
-2.731429612
10
-34.034854089
20
-2.731035203
10
-33.860326052
20
-2.730640794
10
-33.685805025
20
-2.730246385
10
-33.511291009
20
-2.729851976
10
-33.336784005
20
-2.729457567
10
-33.162284011
20
-2.729063159
10
-32.987791029
20
-2.728668750
10
-32.813305057
20
-2.728274341
10
-32.638826097
20
-2.727879932
10
-32.464354148
20
-2.727485523
10
-32.289889210
20
-2.727091114
10
-32.115431283
20
-2.726696705
10
-31.940980367
20
-2.726302297
10
-31.766536462
20
-2.725907888
10
-31.592099569
20
-2.725513479
10
-31.417669686
20
-2.725119070
10
-31.243246814
20
-2.724724661
10
-31.068830954
20
-2.724330252
10
-30.894422104
20
-2.723935843
10
-30.720020266
20
-2.723541435
10
-30.545625439
20
-2.723147026
10
-30.371237623
20
-2.722752617
10
-30.196856818
20
-2.722358208
10
-30.022483024
20
-2.721963799
10
-29.848116241
20
-2.721569390
10
-29.673756469
20
-2.721174981
10
-29.499403708
20
-2.720780572
10
-29.325057958
20
-2.720386164
10
-29.150719220
20
-2.719991755
10
-28.976387492
20
-2.719597346
10
-28.802062776
20
-2.719202937
10
-28.627745070
20
-2.718808528
10
-28.453434376
20
-2.718414119
10
-28.279130693
20
-2.718019710
10
-28.104834021
20
-2.717625302
10
-27.930544360
20
-2.717230893
10
-27.756261710
20
-2.716836484
10
-27.581986071
20
-2.716442075
10
-27.407717443
20
-2.716047666
10
-27.233455826
20
-2.715653257
10
-27.059201221
20
-2.715258848
10
-26.884953626
20
-2.714864439
10
-26.710713043
20
-2.714470031
10
-26.536479470
20
-2.714075622
10
-26.362252909
20
-2.713681213
10
-26.188033359
20
-2.713286804
10
-26.013820820
20
-2.712892395
10
-25.839615291
20
-2.712497986
10
-25.665416774
20
-2.712103577
10
-25.491225269
20
-2.711709169
10
-25.317040774
20
-2.711314760
10
-25.142863290
20
-2.710920351
10
-24.968692817
20
-2.710525942
10
-24.794529356
20
-2.710131533
10
-24.620372905
20
-2.709737124
10
-24.446223466
20
-2.709342715
10
-24.272081037
20
-2.708948306
10
-24.097945620
20
-2.708553898
10
-23.923817214
20
-2.708159489
10
-23.749695819
20
-2.707765080
10
-23.575581435
20
-2.707370671
10
-23.401474062
20
-2.706976262
10
-23.227373700
20
-2.706581853
10
-23.053280349
20
-2.706187444
10
-22.879194010
20
-2.705793036
10
-22.705114681
20
-2.705398627
10
-22.531042363
20
-2.705004218
10
-22.356977057
20
-2.704609809
10
-22.182918762
20
-2.704215400
10
-22.008867477
20
-2.703820991
10
-21.834823204
20
-2.703426582
10
-21.660785942
20
-2.703032173
10
-21.486755691
20
-2.702637765
10
-21.312732451
20
-2.702243356
10
-21.138716222
20
-2.701848947
10
-20.964707004
20
-2.701454538
10
-20.790704797
20
-2.701060129
10
-20.616709602
20
-2.700665720
10
-20.442721417
20
-2.700271311
10
-20.268740244
20
-2.699876903
10
-20.094766081
20
-2.699482494
10
-19.920798930
20
-2.699088085
10
-19.746838790
20
-2.698693676
10
-19.572885660
20
-2.698299267
10
-19.398939542
20
-2.697904858
10
-19.225000435
20
-2.697510449
10
-19.051068339
20
-2.697116040
10
-18.877143255
20
-2.696721632
10
-18.703225181
20
-2.696327223
10
-18.529314118
20
-2.695932814
10
-18.355410067
20
-2.695538405
10
-18.181513026
20
-2.695143996
10
-18.007622997
20
-2.694749587
10
-17.833739978
20
-2.694355178
10
-17.659863971
20
-2.693960770
10
-17.485994975
20
-2.693566361
10
-17.312132990
20
-2.693171952
10
-17.138278016
20
-2.692777543
10
-16.964430053
20
-2.692383134
10
-16.790589101
20
-2.691988725
10
-16.616755160
20
-2.691594316
10
-16.442928230
20
-2.691199907
10
-16.269108312
20
-2.690805499
10
-16.095295404
20
-2.690411090
10
-15.921489508
20
-2.690016681
10
-15.747690622
20
-2.689622272
10
-15.573898748
20
-2.689227863
10
-15.400113885
20
-2.688833454
10
-15.226336032
20
-2.688439045
10
-15.052565191
20
-2.688044637
10
-14.878801361
20
-2.687650228
10
-14.705044543
20
-2.687255819
10
-14.531294735
20
-2.686861410
10
-14.357551938
20
-2.686467001
10
-14.183816152
20
-2.686072592
10
-14.010087378
20
-2.685678183
10
-13.836365614
20
-2.685283774
10
-13.662650862
20
-2.684889366
10
-13.488943120
20
-2.684494957
10
-13.315242390
20
-2.684100548
10
-13.141548671
20
-2.683706139
10
-12.967861963
20
-2.683311730
10
-12.794182266
20
-2.682917321
10
-12.620509580
20
-2.682522912
10
-12.446843905
20
-2.682128504
10
-12.273185241
20
-2.681734095
10
-12.099533589
20
-2.681339686
10
-11.925888947
20
-2.680945277
10
-11.752251316
20
-2.680550868
10
-11.578620697
20
-2.680156459
10
-11.404997089
20
-2.679762050
10
-11.231380491
20
-2.679367641
10
-11.057770905
20
-2.678973233
10
-10.884168330
20
-2.678578824
10
-10.710572766
20
-2.678184415
10
-10.536984213
20
-2.677790006
10
-10.363402671
20
-2.677395597
10
-10.189828140
20
-2.677001188
10
-10.016260620
20
-2.676606779
10
-9.842700112
20
-2.676212371
10
-9.669146614
20
-2.675817962
10
-9.495600128
20
-2.675423553
10
-9.322060652
20
-2.675029144
10
-9.148528188
20
-2.674634735
10
-8.975002735
20
-2.674240326
10
-8.801484293
20
-2.673845917
10
-8.627972862
20
-2.673451509
10
-8.454468442
20
-2.673057100
10
-8.280971033
20
-2.672662691
10
-8.107480635
20
-2.672268282
10
-7.933997248
20
-2.671873873
10
-7.760520872
20
-2.671479464
10
-7.587051508
20
-2.671085055
10
-7.413589154
20
-2.670690646
10
-7.240133812
20
-2.670296238
10
-7.066685480
20
-2.669901829
10
-6.893244160
20
-2.669507420
10
-6.719809851
20
-2.669113011
10
-6.546382553
20
-2.668718602
10
-6.372962266
20
-2.668324193
10
-6.199548990
20
-2.667929784
10
-6.026142725
20
-2.667535376
10
-5.852743471
20
-2.667140967
10
-5.679351228
20
-2.666746558
10
-5.505965997
20
-2.666352149
10
-5.332587776
20
-2.665957740
10
-5.159216567
20
-2.665563331
10
-4.985852368
20
-2.665168922
10
-4.812495181
20
-2.664774513
10
-4.639145005
20
-2.664380105
10
-4.465801840
20
-2.663985696
10
-4.292465686
20
-2.663591287
10
-4.119136543
20
-2.663196878
10
-3.945814411
20
-2.662802469
10
-3.772499290
20
-2.662408060
10
-3.599191180
20
-2.662013651
10
-3.425890082
20
-2.661619243
10
-3.252595994
20
-2.661224834
0
LWPOLYLINE
100
AcDbEntity
8
COPPER_L1_TOP
100
AcDbPolyline
90
220
70
0
38
0.000000000
10
-3.252595994
20
-2.661224834
10
-3.079308917
20
-2.660830425
10
-2.906028852
20
-2.660436016
10
-2.732755798
20
-2.660041607
10
-2.559489754
20
-2.659647198
10
-2.386230722
20
-2.659252789
10
-2.212978701
20
-2.658858380
10
-2.039733691
20
-2.658463972
10
-1.866495692
20
-2.658069563
10
-1.693264704
20
-2.657675154
10
-1.520040728
20
-2.657280745
10
-1.346823762
20
-2.656886336
10
-1.173613807
20
-2.656491927
10
-1.000410864
20
-2.656097518
10
-0.827214931
20
-2.655703110
10
-0.654026010
20
-2.655308701
10
-0.480844100
20
-2.654914292
10
-0.307669200
20
-2.654519883
10
-0.134501312
20
-2.654125474
10
0.038659565
20
-2.653731065
10
0.211813431
20
-2.653336656
10
0.384960286
20
-2.652942247
10
0.558100129
20
-2.652547839
10
0.731232962
20
-2.652153430
10
0.904358784
20
-2.651759021
10
1.077477594
20
-2.651364612
10
1.250589394
20
-2.650970203
10
1.423694182
20
-2.650575794
10
1.596791960
20
-2.650181385
10
1.769882726
20
-2.649786977
10
1.942966481
20
-2.649392568
10
2.116043225
20
-2.648998159
10
2.289112958
20
-2.648603750
10
2.462175680
20
-2.648209341
10
2.635231391
20
-2.647814932
10
2.808280091
20
-2.647420523
10
2.981321779
20
-2.647026114
10
3.154356457
20
-2.646631706
10
3.327384123
20
-2.646237297
10
3.500404779
20
-2.645842888
10
3.673418423
20
-2.645448479
10
3.846425056
20
-2.645054070
10
4.019424679
20
-2.644659661
10
4.192417290
20
-2.644265252
10
4.365402890
20
-2.643870844
10
4.538381479
20
-2.643476435
10
4.711353057
20
-2.643082026
10
4.884317623
20
-2.642687617
10
5.057275179
20
-2.642293208
10
5.230225724
20
-2.641898799
10
5.403169257
20
-2.641504390
10
5.576105780
20
-2.641109981
10
5.749035291
20
-2.640715573
10
5.921957791
20
-2.640321164
10
6.094873281
20
-2.639926755
10
6.267781759
20
-2.639532346
10
6.440683226
20
-2.639137937
10
6.613577682
20
-2.638743528
10
6.786465127
20
-2.638349119
10
6.959345560
20
-2.637954711
10
7.132218983
20
-2.637560302
10
7.305085395
20
-2.637165893
10
7.477944795
20
-2.636771484
10
7.650797185
20
-2.636377075
10
7.823642563
20
-2.635982666
10
7.996480931
20
-2.635588257
10
8.169312287
20
-2.635193848
10
8.342136632
20
-2.634799440
10
8.514953966
20
-2.634405031
10
8.687764289
20
-2.634010622
10
8.860567601
20
-2.633616213
10
9.033363902
20
-2.633221804
10
9.206153192
20
-2.632827395
10
9.378935470
20
-2.632432986
10
9.551710738
20
-2.632038578
10
9.724478995
20
-2.631644169
10
9.897240240
20
-2.631249760
10
10.069994474
20
-2.630855351
10
10.242741698
20
-2.630460942
10
10.415481910
20
-2.630066533
10
10.588215111
20
-2.629672124
10
10.760941301
20
-2.629277715
10
10.933660480
20
-2.628883307
10
11.106372648
20
-2.628488898
10
11.279077805
20
-2.628094489
10
11.451775950
20
-2.627700080
10
11.624467085
20
-2.627305671
10
11.797151209
20
-2.626911262
10
11.969828321
20
-2.626516853
10
12.142498422
20
-2.626122445
10
12.315161513
20
-2.625728036
10
12.487817592
20
-2.625333627
10
12.660466660
20
-2.624939218
10
12.833108717
20
-2.624544809
10
13.005743763
20
-2.624150400
10
13.178371798
20
-2.623755991
10
13.350992822
20
-2.623361583
10
13.523606835
20
-2.622967174
10
13.696213836
20
-2.622572765
10
13.868813827
20
-2.622178356
10
14.041406806
20
-2.621783947
10
14.213992775
20
-2.621389538
10
14.386571732
20
-2.620995129
10
14.559143679
20
-2.620600720
10
14.731708614
20
-2.620206312
10
14.904266538
20
-2.619811903
10
15.076817451
20
-2.619417494
10
15.249361353
20
-2.619023085
10
15.421898244
20
-2.618628676
10
15.594428123
20
-2.618234267
10
15.766950992
20
-2.617839858
10
15.939466850
20
-2.617445450
10
16.111975696
20
-2.617051041
10
16.284477532
20
-2.616656632
10
16.456972356
20
-2.616262223
10
16.629460169
20
-2.615867814
10
16.801940972
20
-2.615473405
10
16.974414763
20
-2.615078996
10
17.146881543
20
-2.614684587
10
17.319341312
20
-2.614290179
10
17.491794070
20
-2.613895770
10
17.664239817
20
-2.613501361
10
17.836678552
20
-2.613106952
10
18.009110277
20
-2.612712543
10
18.181534990
20
-2.612318134
10
18.353952693
20
-2.611923725
10
18.526363384
20
-2.611529317
10
18.698767065
20
-2.611134908
10
18.871163734
20
-2.610740499
10
19.043553392
20
-2.610346090
10
19.215936039
20
-2.609951681
10
19.388311675
20
-2.609557272
10
19.560680300
20
-2.609162863
10
19.733041914
20
-2.608768454
10
19.905396517
20
-2.608374046
10
20.077744108
20
-2.607979637
10
20.250084689
20
-2.607585228
10
20.422418259
20
-2.607190819
10
20.594744817
20
-2.606796410
10
20.767064364
20
-2.606402001
10
20.939376901
20
-2.606007592
10
21.111682426
20
-2.605613184
10
21.283980940
20
-2.605218775
10
21.456272443
20
-2.604824366
10
21.628556935
20
-2.604429957
10
21.800834416
20
-2.604035548
10
21.973104886
20
-2.603641139
10
22.145368344
20
-2.603246730
10
22.317624792
20
-2.602852321
10
22.489874229
20
-2.602457913
10
22.662116654
20
-2.602063504
10
22.834352068
20
-2.601669095
10
23.006580472
20
-2.601274686
10
23.178801864
20
-2.600880277
10
23.351016245
20
-2.600485868
10
23.523223615
20
-2.600091459
10
23.695423974
20
-2.599697051
10
23.867617322
20
-2.599302642
10
24.039803659
20
-2.598908233
10
24.211982985
20
-2.598513824
10
24.384155299
20
-2.598119415
10
24.556320603
20
-2.597725006
10
24.728478895
20
-2.597330597
10
24.900630177
20
-2.596936188
10
25.072774447
20
-2.596541780
10
25.244911706
20
-2.596147371
10
25.417041955
20
-2.595752962
10
25.589165192
20
-2.595358553
10
25.761281418
20
-2.594964144
10
25.933390633
20
-2.594569735
10
26.105492836
20
-2.594175326
10
26.277588029
20
-2.593780918
10
26.449676211
20
-2.593386509
10
26.621757382
20
-2.592992100
10
26.793831541
20
-2.592597691
10
26.965898690
20
-2.592203282
10
27.137958827
20
-2.591808873
10
27.310011953
20
-2.591414464
10
27.482058068
20
-2.591020055
10
27.654097173
20
-2.590625647
10
27.826129266
20
-2.590231238
10
27.998154348
20
-2.589836829
10
28.170172418
20
-2.589442420
10
28.342183478
20
-2.589048011
10
28.514187527
20
-2.588653602
10
28.686184565
20
-2.588259193
10
28.858174591
20
-2.587864785
10
29.030157607
20
-2.587470376
10
29.202133611
20
-2.587075967
10
29.374102604
20
-2.586681558
10
29.546064587
20
-2.586287149
10
29.718019558
20
-2.585892740
10
29.889967518
20
-2.585498331
10
30.061908467
20
-2.585103922
10
30.233842405
20
-2.584709514
10
30.405769332
20
-2.584315105
10
30.577689247
20
-2.583920696
10
30.749602152
20
-2.583526287
10
30.921508046
20
-2.583131878
10
31.093406928
20
-2.582737469
10
31.265298800
20
-2.582343060
10
31.437183660
20
-2.581948652
10
31.609061509
20
-2.581554243
10
31.780932347
20
-2.581159834
10
31.952796175
20
-2.580765425
10
32.124652991
20
-2.580371016
10
32.296502796
20
-2.579976607
10
32.468345589
20
-2.579582198
10
32.640181372
20
-2.579187790
10
32.812010144
20
-2.578793381
10
32.983831905
20
-2.578398972
10
33.155646654
20
-2.578004563
10
33.327454393
20
-2.577610154
10
33.499255120
20
-2.577215745
10
33.671048836
20
-2.576821336
10
33.842835542
20
-2.576426927
10
34.014615236
20
-2.576032519
10
34.186387919
20
-2.575638110
10
34.358153591
20
-2.575243701
10
34.529912252
20
-2.574849292
0
LWPOLYLINE
100
AcDbEntity
8
COPPER_L1_TOP
100
AcDbPolyline
90
220
70
0
38
0.000000000
10
34.529912252
20
-2.574849292
10
34.701663901
20
-2.574454883
10
34.873408540
20
-2.574060474
10
35.045146168
20
-2.573666065
10
35.216876784
20
-2.573271657
10
35.388600390
20
-2.572877248
10
35.560316984
20
-2.572482839
10
35.732026568
20
-2.572088430
10
35.903130528
20
-2.560822936
10
36.068152150
20
-2.514184914
10
36.219484486
20
-2.433307367
10
36.350136312
20
-2.321903812
10
36.454070878
20
-2.185093798
10
36.526483819
20
-2.029166603
10
36.564024182
20
-1.861291100
10
36.568933159
20
-1.689052544
10
36.568538750
20
-1.516617243
10
36.568144341
20
-1.344188952
10
36.567749932
20
-1.171767673
10
36.567355524
20
-0.999353405
10
36.566961115
20
-0.826946148
10
36.566566706
20
-0.654545902
10
36.566172297
20
-0.482152667
10
36.565777888
20
-0.309766443
10
36.565383479
20
-0.137387231
10
36.564989070
20
0.034984971
10
36.564594661
20
0.207350161
10
36.564200253
20
0.379708341
10
36.563805844
20
0.552059509
10
36.563411435
20
0.724403666
10
36.563017026
20
0.896740813
10
36.562622617
20
1.069070948
10
36.562228208
20
1.241394072
10
36.561833799
20
1.413710185
10
36.561439391
20
1.586019287
10
36.561044982
20
1.758321378
10
36.542663135
20
1.929340683
10
36.487991184
20
2.092523738
10
36.399547854
20
2.240280006
10
36.281423168
20
2.365736362
10
36.139083592
20
2.463055822
10
35.979118005
20
2.527708071
10
35.808931703
20
2.556679274
10
35.635930778
20
2.557889711
10
35.462902969
20
2.557495302
10
35.289882171
20
2.557100893
10
35.116868385
20
2.556706484
10
34.943861609
20
2.556312075
10
34.770861845
20
2.555917666
10
34.597869091
20
2.555523258
10
34.424883349
20
2.555128849
10
34.251904618
20
2.554734440
10
34.078932897
20
2.554340031
10
33.905968188
20
2.553945622
10
33.733010490
20
2.553551213
10
33.560059803
20
2.553156804
10
33.387116127
20
2.552762395
10
33.214179463
20
2.552367987
10
33.041249809
20
2.551973578
10
32.868327166
20
2.551579169
10
32.695411535
20
2.551184760
10
32.522502914
20
2.550790351
10
32.349601305
20
2.550395942
10
32.176706707
20
2.550001533
10
32.003819120
20
2.549607125
10
31.830938544
20
2.549212716
10
31.658064978
20
2.548818307
10
31.485198425
20
2.548423898
10
31.312338882
20
2.548029489
10
31.139486350
20
2.547635080
10
30.966640829
20
2.547240671
10
30.793802319
20
2.546846262
10
30.620970821
20
2.546451854
10
30.448146333
20
2.546057445
10
30.275328857
20
2.545663036
10
30.102518392
20
2.545268627
10
29.929714938
20
2.544874218
10
29.756918494
20
2.544479809
10
29.584129062
20
2.544085400
10
29.411346641
20
2.543690992
10
29.238571231
20
2.543296583
10
29.065802833
20
2.542902174
10
28.893041445
20
2.542507765
10
28.720287068
20
2.542113356
10
28.547539703
20
2.541718947
10
28.374799348
20
2.541324538
10
28.202066005
20
2.540930129
10
28.029339672
20
2.540535721
10
27.856620351
20
2.540141312
10
27.683908041
20
2.539746903
10
27.511202742
20
2.539352494
10
27.338504454
20
2.538958085
10
27.165813177
20
2.538563676
10
26.993128911
20
2.538169267
10
26.820451656
20
2.537774859
10
26.647781412
20
2.537380450
10
26.475118180
20
2.536986041
10
26.302461958
20
2.536591632
10
26.129812748
20
2.536197223
10
25.957170549
20
2.535802814
10
25.784535360
20
2.535408405
10
25.611907183
20
2.535013996
10
25.439286017
20
2.534619588
10
25.266671862
20
2.534225179
10
25.094064718
20
2.533830770
10
24.921464585
20
2.533436361
10
24.748871463
20
2.533041952
10
24.576285352
20
2.532647543
10
24.403706253
20
2.532253134
10
24.231134164
20
2.531858726
10
24.058569087
20
2.531464317
10
23.886011020
20
2.531069908
10
23.713459965
20
2.530675499
10
23.540915921
20
2.530281090
10
23.368378888
20
2.529886681
10
23.195848866
20
2.529492272
10
23.023325854
20
2.529097864
10
22.850809855
20
2.528703455
10
22.678300866
20
2.528309046
10
22.505798888
20
2.527914637
10
22.333303921
20
2.527520228
10
22.160815966
20
2.527125819
10
21.988335021
20
2.526731410
10
21.815861088
20
2.526337001
10
21.643394165
20
2.525942593
10
21.470934254
20
2.525548184
10
21.298481354
20
2.525153775
10
21.126035465
20
2.524759366
10
20.953596587
20
2.524364957
10
20.781164720
20
2.523970548
10
20.608739864
20
2.523576139
10
20.436322019
20
2.523181731
10
20.263911185
20
2.522787322
10
20.091507363
20
2.522392913
10
19.919110551
20
2.521998504
10
19.746720751
20
2.521604095
10
19.574337961
20
2.521209686
10
19.401962183
20
2.520815277
10
19.229593416
20
2.520420868
10
19.057231660
20
2.520026460
10
18.884876915
20
2.519632051
10
18.712529181
20
2.519237642
10
18.540188458
20
2.518843233
10
18.367854746
20
2.518448824
10
18.195528045
20
2.518054415
10
18.023208356
20
2.517660006
10
17.850895677
20
2.517265598
10
17.678590009
20
2.516871189
10
17.506291353
20
2.516476780
10
17.333999708
20
2.516082371
10
17.161715073
20
2.515687962
10
16.989437450
20
2.515293553
10
16.817166838
20
2.514899144
10
16.644903237
20
2.514504735
10
16.472646647
20
2.514110327
10
16.300397068
20
2.513715918
10
16.128154501
20
2.513321509
10
15.955918944
20
2.512927100
10
15.783690398
20
2.512532691
10
15.611468864
20
2.512138282
10
15.439254340
20
2.511743873
10
15.267046828
20
2.511349465
10
15.094846327
20
2.510955056
10
14.922652836
20
2.510560647
10
14.750466357
20
2.510166238
10
14.578286889
20
2.509771829
10
14.406114432
20
2.509377420
10
14.233948986
20
2.508983011
10
14.061790552
20
2.508588602
10
13.889639128
20
2.508194194
10
13.717494715
20
2.507799785
10
13.545357314
20
2.507405376
10
13.373226923
20
2.507010967
10
13.201103544
20
2.506616558
10
13.028987176
20
2.506222149
10
12.856877818
20
2.505827740
10
12.684775472
20
2.505433332
10
12.512680137
20
2.505038923
10
12.340591813
20
2.504644514
10
12.168510500
20
2.504250105
10
11.996436198
20
2.503855696
10
11.824368908
20
2.503461287
10
11.652308628
20
2.503066878
10
11.480255359
20
2.502672469
10
11.308209102
20
2.502278061
10
11.136169855
20
2.501883652
10
10.964137620
20
2.501489243
10
10.792112396
20
2.501094834
10
10.620094183
20
2.500700425
10
10.448082980
20
2.500306016
10
10.276078789
20
2.499911607
10
10.104081609
20
2.499517199
10
9.932091441
20
2.499122790
10
9.760108283
20
2.498728381
10
9.588132136
20
2.498333972
10
9.416163000
20
2.497939563
10
9.244200876
20
2.497545154
10
9.072245762
20
2.497150745
10
8.900297660
20
2.496756336
10
8.728356569
20
2.496361928
10
8.556422489
20
2.495967519
10
8.384495419
20
2.495573110
10
8.212575361
20
2.495178701
10
8.040662314
20
2.494784292
10
7.868756278
20
2.494389883
10
7.696857254
20
2.493995474
10
7.524965240
20
2.493601066
10
7.353080237
20
2.493206657
10
7.181202246
20
2.492812248
10
7.009331265
20
2.492417839
10
6.837467296
20
2.492023430
10
6.665610337
20
2.491629021
10
6.493760390
20
2.491234612
10
6.321917454
20
2.490840203
10
6.150081529
20
2.490445795
10
5.978252615
20
2.490051386
10
5.806430712
20
2.489656977
10
5.634615820
20
2.489262568
10
5.462807939
20
2.488868159
10
5.291007070
20
2.488473750
0
LWPOLYLINE
100
AcDbEntity
8
COPPER_L1_TOP
100
AcDbPolyline
90
220
70
0
38
0.000000000
10
5.291007070
20
2.488473750
10
5.119213211
20
2.488079341
10
4.947426364
20
2.487684933
10
4.775646527
20
2.487290524
10
4.603873702
20
2.486896115
10
4.432107887
20
2.486501706
10
4.260349084
20
2.486107297
10
4.088597292
20
2.485712888
10
3.916852511
20
2.485318479
10
3.745114741
20
2.484924070
10
3.573383982
20
2.484529662
10
3.401660234
20
2.484135253
10
3.229943498
20
2.483740844
10
3.058233772
20
2.483346435
10
2.886531058
20
2.482952026
10
2.714835354
20
2.482557617
10
2.543146662
20
2.482163208
10
2.371464980
20
2.481768800
10
2.199790310
20
2.481374391
10
2.028122651
20
2.480979982
10
1.856462003
20
2.480585573
10
1.684808366
20
2.480191164
10
1.513161740
20
2.479796755
10
1.341522125
20
2.479402346
10
1.169889521
20
2.479007938
10
0.998263929
20
2.478613529
10
0.826645347
20
2.478219120
10
0.655033777
20
2.477824711
10
0.483429217
20
2.477430302
10
0.311831669
20
2.477035893
10
0.140241132
20
2.476641484
10
-0.031342395
20
2.476247075
10
-0.202918910
20
2.475852667
10
-0.374488414
20
2.475458258
10
-0.546050907
20
2.475063849
10
-0.717606388
20
2.474669440
10
-0.889154859
20
2.474275031
10
-1.060696319
20
2.473880622
10
-1.232230768
20
2.473486213
10
-1.403758205
20
2.473091805
10
-1.575278632
20
2.472697396
10
-1.746792047
20
2.472302987
10
-1.918298451
20
2.471908578
10
-2.089797844
20
2.471514169
10
-2.261290227
20
2.471119760
10
-2.432775598
20
2.470725351
10
-2.604253958
20
2.470330942
10
-2.775725307
20
2.469936534
10
-2.947189644
20
2.469542125
10
-3.118646971
20
2.469147716
10
-3.290097287
20
2.468753307
10
-3.461540591
20
2.468358898
10
-3.632976885
20
2.467964489
10
-3.804406167
20
2.467570080
10
-3.975828438
20
2.467175672
10
-4.147243699
20
2.466781263
10
-4.318651948
20
2.466386854
10
-4.490053186
20
2.465992445
10
-4.661447413
20
2.465598036
10
-4.832834629
20
2.465203627
10
-5.004214834
20
2.464809218
10
-5.175588028
20
2.464414809
10
-5.346954210
20
2.464020401
10
-5.518313382
20
2.463625992
10
-5.689665542
20
2.463231583
10
-5.861010692
20
2.462837174
10
-6.032348830
20
2.462442765
10
-6.203679957
20
2.462048356
10
-6.375004074
20
2.461653947
10
-6.546321179
20
2.461259539
10
-6.717631273
20
2.460865130
10
-6.888934356
20
2.460470721
10
-7.060230428
20
2.460076312
10
-7.231519488
20
2.459681903
10
-7.402801538
20
2.459287494
10
-7.574076577
20
2.458893085
10
-7.745344604
20
2.458498676
10
-7.916605621
20
2.458104268
10
-8.087859626
20
2.457709859
10
-8.259106620
20
2.457315450
10
-8.430346604
20
2.456921041
10
-8.601579576
20
2.456526632
10
-8.772805537
20
2.456132223
10
-8.944024487
20
2.455737814
10
-9.115236426
20
2.455343406
10
-9.286441354
20
2.454948997
10
-9.457639270
20
2.454554588
10
-9.628830176
20
2.454160179
10
-9.800014071
20
2.453765770
10
-9.971190954
20
2.453371361
10
-10.142360827
20
2.452976952
10
-10.313523688
20
2.452582543
10
-10.484679538
20
2.452188135
10
-10.655828377
20
2.451793726
10
-10.826970205
20
2.451399317
10
-10.998105022
20
2.451004908
10
-11.169232828
20
2.450610499
10
-11.340353623
20
2.450216090
10
-11.511467407
20
2.449821681
10
-11.682574180
20
2.449427273
10
-11.853673941
20
2.449032864
10
-12.024766692
20
2.448638455
10
-12.195852431
20
2.448244046
10
-12.366931160
20
2.447849637
10
-12.538002877
20
2.447455228
10
-12.709067583
20
2.447060819
10
-12.880125278
20
2.446666410
10
-13.051175962
20
2.446272002
10
-13.222219635
20
2.445877593
10
-13.393256297
20
2.445483184
10
-13.564285948
20
2.445088775
10
-13.735308588
20
2.444694366
10
-13.906324216
20
2.444299957
10
-14.077332834
20
2.443905548
10
-14.248334440
20
2.443511140
10
-14.419329036
20
2.443116731
10
-14.590316620
20
2.442722322
10
-14.761297193
20
2.442327913
10
-14.932270756
20
2.441933504
10
-15.103237307
20
2.441539095
10
-15.274196847
20
2.441144686
10
-15.445149376
20
2.440750277
10
-15.616094893
20
2.440355869
10
-15.787033400
20
2.439961460
10
-15.957964896
20
2.439567051
10
-16.128889380
20
2.439172642
10
-16.299806854
20
2.438778233
10
-16.470717316
20
2.438383824
10
-16.641620768
20
2.437989415
10
-16.812517208
20
2.437595007
10
-16.983406637
20
2.437200598
10
-17.154289055
20
2.436806189
10
-17.325164462
20
2.436411780
10
-17.496032858
20
2.436017371
10
-17.666894243
20
2.435622962
10
-17.837748617
20
2.435228553
10
-18.008595980
20
2.434834145
10
-18.179436331
20
2.434439736
10
-18.350269672
20
2.434045327
10
-18.521096001
20
2.433650918
10
-18.691915320
20
2.433256509
10
-18.862727627
20
2.432862100
10
-19.033532923
20
2.432467691
10
-19.204331208
20
2.432073282
10
-19.375122482
20
2.431678874
10
-19.545906745
20
2.431284465
10
-19.716683997
20
2.430890056
10
-19.887454238
20
2.430495647
10
-20.058217468
20
2.430101238
10
-20.228973686
20
2.429706829
10
-20.399722894
20
2.429312420
10
-20.570465091
20
2.428918012
10
-20.741200276
20
2.428523603
10
-20.911928450
20
2.428129194
10
-21.082649614
20
2.427734785
10
-21.253363766
20
2.427340376
10
-21.424070907
20
2.426945967
10
-21.594771037
20
2.426551558
10
-21.765464156
20
2.426157149
10
-21.936150264
20
2.425762741
10
-22.106829360
20
2.425368332
10
-22.277501446
20
2.424973923
10
-22.448166521
20
2.424579514
10
-22.618824584
20
2.424185105
10
-22.789475637
20
2.423790696
10
-22.960119678
20
2.423396287
10
-23.130756708
20
2.423001879
10
-23.301386727
20
2.422607470
10
-23.472009736
20
2.422213061
10
-23.642625733
20
2.421818652
10
-23.813234719
20
2.421424243
10
-23.983836694
20
2.421029834
10
-24.154431657
20
2.420635425
10
-24.325019610
20
2.420241016
10
-24.495600552
20
2.419846608
10
-24.666174482
20
2.419452199
10
-24.836741402
20
2.419057790
10
-25.007301310
20
2.418663381
10
-25.177854207
20
2.418268972
10
-25.348400094
20
2.417874563
10
-25.518938969
20
2.417480154
10
-25.689470833
20
2.417085746
10
-25.859995686
20
2.416691337
10
-26.030513528
20
2.416296928
10
-26.201024359
20
2.415902519
10
-26.371528178
20
2.415508110
10
-26.542024987
20
2.415113701
10
-26.712514785
20
2.414719292
10
-26.882997571
20
2.414324883
10
-27.053473347
20
2.413930475
10
-27.223942111
20
2.413536066
10
-27.394403864
20
2.413141657
10
-27.564858606
20
2.412747248
10
-27.735306337
20
2.412352839
10
-27.905747058
20
2.411958430
10
-28.076180766
20
2.411564021
10
-28.246607464
20
2.411169613
10
-28.417027151
20
2.410775204
10
-28.587439827
20
2.410380795
10
-28.757845491
20
2.409986386
10
-28.928244145
20
2.409591977
10
-29.098635787
20
2.409197568
10
-29.269020419
20
2.408803159
10
-29.439398039
20
2.408408750
10
-29.609768648
20
2.408014342
10
-29.780132246
20
2.407619933
10
-29.950488834
20
2.407225524
10
-30.120838409
20
2.406831115
10
-30.291180974
20
2.406436706
10
-30.461516528
20
2.406042297
10
-30.631845071
20
2.405647888
10
-30.802166603
20
2.405253480
10
-30.972481123
20
2.404859071
10
-31.142788633
20
2.404464662
10
-31.313089131
20
2.404070253
10
-31.483382618
20
2.403675844
10
-31.653669095
20
2.403281435
10
-31.823948560
20
2.402887026
10
-31.994221014
20
2.402492617
10
-32.164486457
20
2.402098209
0
LWPOLYLINE
100
AcDbEntity
8
COPPER_L1_TOP
100
AcDbPolyline
90
220
70
0
38
0.000000000
10
-32.164486457
20
2.402098209
10
-32.334744889
20
2.401703800
10
-32.504996310
20
2.401309391
10
-32.675240719
20
2.400914982
10
-32.845478118
20
2.400520573
10
-33.015708506
20
2.400126164
10
-33.185931882
20
2.399731755
10
-33.356148248
20
2.399337347
10
-33.526357602
20
2.398942938
10
-33.696559945
20
2.398548529
10
-33.866755278
20
2.398154120
10
-34.036943599
20
2.397759711
10
-34.207124909
20
2.397365302
10
-34.377299208
20
2.396970893
10
-34.547466496
20
2.396576484
10
-34.717626772
20
2.396182076
10
-34.887780038
20
2.395787667
10
-35.057926293
20
2.395393258
10
-35.228065536
20
2.394998849
10
-35.398197769
20
2.394604440
10
-35.568322990
20
2.394210031
10
-35.737654708
20
2.380778339
10
-35.900465671
20
2.332152356
10
-36.049376021
20
2.250100159
10
-36.177631853
20
2.138320617
10
-36.279415126
20
2.001856809
10
-36.350106595
20
1.846867492
10
-36.386494429
20
1.680348185
10
-36.391054760
20
1.509674220
10
-36.390660351
20
1.338823280
10
-36.390265943
20
1.167979352
10
-36.389871534
20
0.997142435
10
-36.389477125
20
0.826312529
10
-36.389082716
20
0.655489634
10
-36.388688307
20
0.484673750
10
-36.388293898
20
0.313864877
10
-36.387899489
20
0.143063015
10
-36.387505081
20
-0.027731836
10
-36.387110672
20
-0.198519676
10
-36.386716263
20
-0.369300504
10
-36.386321854
20
-0.540074322
10
-36.385927445
20
-0.710841128
10
-36.385533036
20
-0.881600923
10
-36.385138627
20
-1.052353708
10
-36.384744219
20
-1.223099481
10
-36.384349810
20
-1.393838243
10
-36.383955401
20
-1.564569994
10
-36.369214622
20
-1.734386633
10
-36.318902480
20
-1.897320509
10
-36.235063340
20
-2.045931148
10
-36.121503729
20
-2.173430381
10
-35.983383606
20
-2.273993356
10
-35.826980877
20
-2.343023647
10
-35.659405074
20
-2.377362305
10
-35.488065718
20
-2.380800130
10
-35.316608249
20
-2.380405721
10
-35.145157791
20
-2.380011312
10
-34.973714344
20
-2.379616903
10
-34.802277908
20
-2.379222494
10
-34.630848483
20
-2.378828086
10
-34.459426070
20
-2.378433677
10
-34.288010667
20
-2.378039268
10
-34.116602276
20
-2.377644859
10
-33.945200895
20
-2.377250450
10
-33.773806526
20
-2.376856041
10
-33.602419168
20
-2.376461632
10
-33.431038821
20
-2.376067223
10
-33.259665485
20
-2.375672815
10
-33.088299160
20
-2.375278406
10
-32.916939846
20
-2.374883997
10
-32.745587543
20
-2.374489588
10
-32.574242251
20
-2.374095179
10
-32.402903971
20
-2.373700770
10
-32.231572701
20
-2.373306361
10
-32.060248443
20
-2.372911953
10
-31.888931195
20
-2.372517544
10
-31.717620959
20
-2.372123135
10
-31.546317734
20
-2.371728726
10
-31.375021519
20
-2.371334317
10
-31.203732316
20
-2.370939908
10
-31.032450124
20
-2.370545499
10
-30.861174943
20
-2.370151090
10
-30.689906773
20
-2.369756682
10
-30.518645615
20
-2.369362273
10
-30.347391467
20
-2.368967864
10
-30.176144330
20
-2.368573455
10
-30.004904205
20
-2.368179046
10
-29.833671090
20
-2.367784637
10
-29.662444987
20
-2.367390228
10
-29.491225895
20
-2.366995820
10
-29.320013814
20
-2.366601411
10
-29.148808743
20
-2.366207002
10
-28.977610684
20
-2.365812593
10
-28.806419636
20
-2.365418184
10
-28.635235600
20
-2.365023775
10
-28.464058574
20
-2.364629366
10
-28.292888559
20
-2.364234957
10
-28.121725555
20
-2.363840549
10
-27.950569563
20
-2.363446140
10
-27.779420581
20
-2.363051731
10
-27.608278611
20
-2.362657322
10
-27.437143652
20
-2.362262913
10
-27.266015703
20
-2.361868504
10
-27.094894766
20
-2.361474095
10
-26.923780840
20
-2.361079687
10
-26.752673925
20
-2.360685278
10
-26.581574021
20
-2.360290869
10
-26.410481128
20
-2.359896460
10
-26.239395247
20
-2.359502051
10
-26.068316376
20
-2.359107642
10
-25.897244516
20
-2.358713233
10
-25.726179668
20
-2.358318824
10
-25.555121830
20
-2.357924416
10
-25.384071004
20
-2.357530007
10
-25.213027189
20
-2.357135598
10
-25.041990385
20
-2.356741189
10
-24.870960592
20
-2.356346780
10
-24.699937810
20
-2.355952371
10
-24.528922039
20
-2.355557962
10
-24.357913279
20
-2.355163554
10
-24.186911530
20
-2.354769145
10
-24.015916792
20
-2.354374736
10
-23.844929066
20
-2.353980327
10
-23.673948350
20
-2.353585918
10
-23.502974646
20
-2.353191509
10
-23.332007952
20
-2.352797100
10
-23.161048270
20
-2.352402691
10
-22.990095599
20
-2.352008283
10
-22.819149939
20
-2.351613874
10
-22.648211290
20
-2.351219465
10
-22.477279652
20
-2.350825056
10
-22.306355025
20
-2.350430647
10
-22.135437409
20
-2.350036238
10
-21.964526804
20
-2.349641829
10
-21.793623210
20
-2.349247421
10
-21.622726628
20
-2.348853012
10
-21.451837056
20
-2.348458603
10
-21.280954496
20
-2.348064194
10
-21.110078947
20
-2.347669785
10
-20.939210408
20
-2.347275376
10
-20.768348881
20
-2.346880967
10
-20.597494365
20
-2.346486558
10
-20.426646860
20
-2.346092150
10
-20.255806366
20
-2.345697741
10
-20.084972883
20
-2.345303332
10
-19.914146412
20
-2.344908923
10
-19.743326951
20
-2.344514514
10
-19.572514501
20
-2.344120105
10
-19.401709063
20
-2.343725696
10
-19.230910635
20
-2.343331288
10
-19.060119219
20
-2.342936879
10
-18.889334814
20
-2.342542470
10
-18.718557419
20
-2.342148061
10
-18.547787036
20
-2.341753652
10
-18.377023664
20
-2.341359243
10
-18.206267303
20
-2.340964834
10
-18.035517953
20
-2.340570425
10
-17.864775615
20
-2.340176017
10
-17.694040287
20
-2.339781608
10
-17.523311970
20
-2.339387199
10
-17.352590665
20
-2.338992790
10
-17.181876370
20
-2.338598381
10
-17.011169087
20
-2.338203972
10
-16.840468815
20
-2.337809563
10
-16.669775553
20
-2.337415155
10
-16.499089303
20
-2.337020746
10
-16.328410064
20
-2.336626337
10
-16.157737836
20
-2.336231928
10
-15.987072619
20
-2.335837519
10
-15.816414413
20
-2.335443110
10
-15.645763219
20
-2.335048701
10
-15.475119035
20
-2.334654293
10
-15.304481862
20
-2.334259884
10
-15.133851701
20
-2.333865475
10
-14.963228550
20
-2.333471066
10
-14.792612411
20
-2.333076657
10
-14.622003283
20
-2.332682248
10
-14.451401166
20
-2.332287839
10
-14.280806060
20
-2.331893430
10
-14.110217965
20
-2.331499022
10
-13.939636881
20
-2.331104613
10
-13.769062808
20
-2.330710204
10
-13.598495746
20
-2.330315795
10
-13.427935695
20
-2.329921386
10
-13.257382656
20
-2.329526977
10
-13.086836627
20
-2.329132568
10
-12.916297610
20
-2.328738160
10
-12.745765603
20
-2.328343751
10
-12.575240608
20
-2.327949342
10
-12.404722624
20
-2.327554933
10
-12.234211651
20
-2.327160524
10
-12.063707689
20
-2.326766115
10
-11.893210738
20
-2.326371706
10
-11.722720798
20
-2.325977297
10
-11.552237869
20
-2.325582889
10
-11.381761951
20
-2.325188480
10
-11.211293045
20
-2.324794071
10
-11.040831149
20
-2.324399662
10
-10.870376265
20
-2.324005253
10
-10.699928391
20
-2.323610844
10
-10.529487529
20
-2.323216435
10
-10.359053678
20
-2.322822027
10
-10.188626837
20
-2.322427618
10
-10.018207008
20
-2.322033209
10
-9.847794190
20
-2.321638800
10
-9.677388383
20
-2.321244391
10
-9.506989588
20
-2.320849982
10
-9.336597803
20
-2.320455573
10
-9.166213029
20
-2.320061164
10
-8.995835266
20
-2.319666756
10
-8.825464515
20
-2.319272347
10
-8.655100775
20
-2.318877938
10
-8.484744045
20
-2.318483529
10
-8.314394327
20
-2.318089120
10
-8.144051620
20
-2.317694711
10
-7.973715924
20
-2.317300302
10
-7.803387239
20
-2.316905894
10
-7.633065565
20
-2.316511485
10
-7.462750902
20
-2.316117076
10
-7.292443250
20
-2.315722667
0
LWPOLYLINE
100
AcDbEntity
8
COPPER_L1_TOP
100
AcDbPolyline
90
220
70
0
38
0.000000000
10
-7.292443250
20
-2.315722667
10
-7.122142609
20
-2.315328258
10
-6.951848980
20
-2.314933849
10
-6.781562361
20
-2.314539440
10
-6.611282754
20
-2.314145031
10
-6.441010157
20
-2.313750623
10
-6.270744572
20
-2.313356214
10
-6.100485998
20
-2.312961805
10
-5.930234434
20
-2.312567396
10
-5.759989882
20
-2.312172987
10
-5.589752341
20
-2.311778578
10
-5.419521812
20
-2.311384169
10
-5.249298293
20
-2.310989761
10
-5.079081785
20
-2.310595352
10
-4.908872288
20
-2.310200943
10
-4.738669803
20
-2.309806534
10
-4.568474328
20
-2.309412125
10
-4.398285865
20
-2.309017716
10
-4.228104412
20
-2.308623307
10
-4.057929971
20
-2.308228898
10
-3.887762541
20
-2.307834490
10
-3.717602122
20
-2.307440081
10
-3.547448714
20
-2.307045672
10
-3.377302317
20
-2.306651263
10
-3.207162931
20
-2.306256854
10
-3.037030556
20
-2.305862445
10
-2.866905193
20
-2.305468036
10
-2.696786840
20
-2.305073628
10
-2.526675499
20
-2.304679219
10
-2.356571168
20
-2.304284810
10
-2.186473849
20
-2.303890401
10
-2.016383540
20
-2.303495992
10
-1.846300243
20
-2.303101583
10
-1.676223957
20
-2.302707174
10
-1.506154682
20
-2.302312765
10
-1.336092418
20
-2.301918357
10
-1.166037165
20
-2.301523948
10
-0.995988923
20
-2.301129539
10
-0.825947693
20
-2.300735130
10
-0.655913473
20
-2.300340721
10
-0.485886264
20
-2.299946312
10
-0.315866067
20
-2.299551903
10
-0.145852881
20
-2.299157495
10
0.024153295
20
-2.298763086
10
0.194152459
20
-2.298368677
10
0.364144612
20
-2.297974268
10
0.534129754
20
-2.297579859
10
0.704107885
20
-2.297185450
10
0.874079005
20
-2.296791041
10
1.044043114
20
-2.296396632
10
1.214000212
20
-2.296002224
10
1.383950298
20
-2.295607815
10
1.553893374
20
-2.295213406
10
1.723829439
20
-2.294818997
10
1.893758492
20
-2.294424588
10
2.063680534
20
-2.294030179
10
2.233595566
20
-2.293635770
10
2.403503586
20
-2.293241362
10
2.573404595
20
-2.292846953
10
2.743298593
20
-2.292452544
10
2.913185580
20
-2.292058135
10
3.083065556
20
-2.291663726
10
3.252938521
20
-2.291269317
10
3.422804474
20
-2.290874908
10
3.592663417
20
-2.290480500
10
3.762515348
20
-2.290086091
10
3.932360269
20
-2.289691682
10
4.102198178
20
-2.289297273
10
4.272029077
20
-2.288902864
10
4.441852964
20
-2.288508455
10
4.611669840
20
-2.288114046
10
4.781479705
20
-2.287719637
10
4.951282559
20
-2.287325229
10
5.121078402
20
-2.286930820
10
5.290867234
20
-2.286536411
10
5.460649054
20
-2.286142002
10
5.630423864
20
-2.285747593
10
5.800191663
20
-2.285353184
10
5.969952450
20
-2.284958775
10
6.139706227
20
-2.284564367
10
6.309452992
20
-2.284169958
10
6.479192746
20
-2.283775549
10
6.648925489
20
-2.283381140
10
6.818651221
20
-2.282986731
10
6.988369942
20
-2.282592322
10
7.158081652
20
-2.282197913
10
7.327786351
20
-2.281803504
10
7.497484039
20
-2.281409096
10
7.667174716
20
-2.281014687
10
7.836858381
20
-2.280620278
10
8.006535036
20
-2.280225869
10
8.176204679
20
-2.279831460
10
8.345867312
20
-2.279437051
10
8.515522933
20
-2.279042642
10
8.685171543
20
-2.278648234
10
8.854813142
20
-2.278253825
10
9.024447730
20
-2.277859416
10
9.194075307
20
-2.277465007
10
9.363695873
20
-2.277070598
10
9.533309428
20
-2.276676189
10
9.702915972
20
-2.276281780
10
9.872515504
20
-2.275887371
10
10.042108026
20
-2.275492963
10
10.211693536
20
-2.275098554
10
10.381272036
20
-2.274704145
10
10.550843524
20
-2.274309736
10
10.720408001
20
-2.273915327
10
10.889965467
20
-2.273520918
10
11.059515922
20
-2.273126509
10
11.229059366
20
-2.272732101
10
11.398595799
20
-2.272337692
10
11.568125221
20
-2.271943283
10
11.737647632
20
-2.271548874
10
11.907163032
20
-2.271154465
10
12.076671420
20
-2.270760056
10
12.246172798
20
-2.270365647
10
12.415667164
20
-2.269971238
10
12.585154519
20
-2.269576830
10
12.754634864
20
-2.269182421
10
12.924108197
20
-2.268788012
10
13.093574519
20
-2.268393603
10
13.263033830
20
-2.267999194
10
13.432486130
20
-2.267604785
10
13.601931419
20
-2.267210376
10
13.771369697
20
-2.266815968
10
13.940800963
20
-2.266421559
10
14.110225219
20
-2.266027150
10
14.279642463
20
-2.265632741
10
14.449052697
20
-2.265238332
10
14.618455919
20
-2.264843923
10
14.787852131
20
-2.264449514
10
14.957241331
20
-2.264055105
10
15.126623520
20
-2.263660697
10
15.295998698
20
-2.263266288
10
15.465366865
20
-2.262871879
10
15.634728021
20
-2.262477470
10
15.804082166
20
-2.262083061
10
15.973429299
20
-2.261688652
10
16.142769422
20
-2.261294243
10
16.312102534
20
-2.260899835
10
16.481428634
20
-2.260505426
10
16.650747724
20
-2.260111017
10
16.820059802
20
-2.259716608
10
16.989364869
20
-2.259322199
10
17.158662925
20
-2.258927790
10
17.327953970
20
-2.258533381
10
17.497238004
20
-2.258138972
10
17.666515027
20
-2.257744564
10
17.835785039
20
-2.257350155
10
18.005048040
20
-2.256955746
10
18.174304030
20
-2.256561337
10
18.343553008
20
-2.256166928
10
18.512794976
20
-2.255772519
10
18.682029932
20
-2.255378110
10
18.851257878
20
-2.254983702
10
19.020478812
20
-2.254589293
10
19.189692735
20
-2.254194884
10
19.358899647
20
-2.253800475
10
19.528099548
20
-2.253406066
10
19.697292438
20
-2.253011657
10
19.866478317
20
-2.252617248
10
20.035657185
20
-2.252222839
10
20.204829041
20
-2.251828431
10
20.373993887
20
-2.251434022
10
20.543151722
20
-2.251039613
10
20.712302545
20
-2.250645204
10
20.881446358
20
-2.250250795
10
21.050583159
20
-2.249856386
10
21.219712949
20
-2.249461977
10
21.388835728
20
-2.249067569
10
21.557951496
20
-2.248673160
10
21.727060253
20
-2.248278751
10
21.896161999
20
-2.247884342
10
22.065256734
20
-2.247489933
10
22.234344458
20
-2.247095524
10
22.403425170
20
-2.246701115
10
22.572498872
20
-2.246306706
10
22.741565563
20
-2.245912298
10
22.910625242
20
-2.245517889
10
23.079677910
20
-2.245123480
10
23.248723568
20
-2.244729071
10
23.417762214
20
-2.244334662
10
23.586793849
20
-2.243940253
10
23.755818473
20
-2.243545844
10
23.924836086
20
-2.243151436
10
24.093846688
20
-2.242757027
10
24.262850278
20
-2.242362618
10
24.431846858
20
-2.241968209
10
24.600836427
20
-2.241573800
10
24.769818984
20
-2.241179391
10
24.938794531
20
-2.240784982
10
25.107763066
20
-2.240390574
10
25.276724590
20
-2.239996165
10
25.445679104
20
-2.239601756
10
25.614626606
20
-2.239207347
10
25.783567097
20
-2.238812938
10
25.952500577
20
-2.238418529
10
26.121427046
20
-2.238024120
10
26.290346503
20
-2.237629711
10
26.459258950
20
-2.237235303
10
26.628164386
20
-2.236840894
10
26.797062810
20
-2.236446485
10
26.965954224
20
-2.236052076
10
27.134838626
20
-2.235657667
10
27.303716018
20
-2.235263258
10
27.472586398
20
-2.234868849
10
27.641449767
20
-2.234474441
10
27.810306125
20
-2.234080032
10
27.979155472
20
-2.233685623
10
28.147997808
20
-2.233291214
10
28.316833133
20
-2.232896805
10
28.485661447
20
-2.232502396
10
28.654482749
20
-2.232107987
10
28.823297041
20
-2.231713578
10
28.992104321
20
-2.231319170
10
29.160904591
20
-2.230924761
10
29.329697849
20
-2.230530352
10
29.498484096
20
-2.230135943
10
29.667263333
20
-2.229741534
10
29.836035558
20
-2.229347125
0
LWPOLYLINE
100
AcDbEntity
8
COPPER_L1_TOP
100
AcDbPolyline
90
220
70
0
38
0.000000000
10
29.836035558
20
-2.229347125
10
30.004800772
20
-2.228952716
10
30.173558975
20
-2.228558308
10
30.342310167
20
-2.228163899
10
30.511054347
20
-2.227769490
10
30.679791517
20
-2.227375081
10
30.848521676
20
-2.226980672
10
31.017244823
20
-2.226586263
10
31.185960960
20
-2.226191854
10
31.354670085
20
-2.225797445
10
31.523372199
20
-2.225403037
10
31.692067303
20
-2.225008628
10
31.860755395
20
-2.224614219
10
32.029436476
20
-2.224219810
10
32.198110546
20
-2.223825401
10
32.366777605
20
-2.223430992
10
32.535437653
20
-2.223036583
10
32.704090689
20
-2.222642175
10
32.872736715
20
-2.222247766
10
33.041375730
20
-2.221853357
10
33.210007733
20
-2.221458948
10
33.378632725
20
-2.221064539
10
33.547250707
20
-2.220670130
10
33.715861677
20
-2.220275721
10
33.884465636
20
-2.219881312
10
34.053062584
20
-2.219486904
10
34.221652521
20
-2.219092495
10
34.390235447
20
-2.218698086
10
34.558811362
20
-2.218303677
10
34.727380266
20
-2.217909268
10
34.895942159
20
-2.217514859
10
35.064497040
20
-2.217120450
10
35.233044911
20
-2.216726042
10
35.401585770
20
-2.216331633
10
35.569166896
20
-2.201125525
10
35.729933780
20
-2.151177453
10
35.876729824
20
-2.068556850
10
36.003019563
20
-1.956919677
10
36.103179552
20
-1.821209755
10
36.172747820
20
-1.667438855
10
36.208621657
20
-1.502419454
10
36.213176362
20
-1.333329538
10
36.212781953
20
-1.164062961
10
36.212387544
20
-0.994803394
10
36.211993135
20
-0.825550839
10
36.211598726
20
-0.656305295
10
36.211204317
20
-0.487066762
10
36.210809909
20
-0.317835240
10
36.210415500
20
-0.148610729
10
36.210021091
20
0.020606771
10
36.209626682
20
0.189817260
10
36.209232273
20
0.359020738
10
36.208837864
20
0.528217204
10
36.208443455
20
0.697406660
10
36.208049046
20
0.866589105
10
36.207654638
20
1.035764538
10
36.207260229
20
1.204932960
10
36.206865820
20
1.374094371
10
36.194807337
20
1.542583381
10
36.148145367
20
1.704965848
10
36.068283246
20
1.853968635
10
35.958780359
20
1.982909525
10
35.824521343
20
2.086005150
10
35.671497211
20
2.158629429
10
35.506537069
20
2.197520147
10
35.336924897
20
2.203710549
10
35.167037768
20
2.203316140
10
34.997157649
20
2.202921731
10
34.827284542
20
2.202527322
10
34.657418446
20
2.202132913
10
34.487559361
20
2.201738505
10
34.317707288
20
2.201344096
10
34.147862225
20
2.200949687
10
33.978024173
20
2.200555278
10
33.808193133
20
2.200160869
10
33.638369103
20
2.199766460
10
33.468552085
20
2.199372051
10
33.298742077
20
2.198977643
10
33.128939081
20
2.198583234
10
32.959143096
20
2.198188825
10
32.789354122
20
2.197794416
10
32.619572159
20
2.197400007
10
32.449797207
20
2.197005598
10
32.280029266
20
2.196611189
10
32.110268336
20
2.196216780
10
31.940514417
20
2.195822372
10
31.770767510
20
2.195427963
10
31.601027613
20
2.195033554
10
31.431294728
20
2.194639145
10
31.261568853
20
2.194244736
10
31.091849990
20
2.193850327
10
30.922138138
20
2.193455918
10
30.752433296
20
2.193061510
10
30.582735466
20
2.192667101
10
30.413044647
20
2.192272692
10
30.243360839
20
2.191878283
10
30.073684043
20
2.191483874
10
29.904014257
20
2.191089465
10
29.734351482
20
2.190695056
10
29.564695719
20
2.190300648
10
29.395046966
20
2.189906239
10
29.225405225
20
2.189511830
10
29.055770494
20
2.189117421
10
28.886142775
20
2.188723012
10
28.716522067
20
2.188328603
10
28.546908370
20
2.187934194
10
28.377301684
20
2.187539785
10
28.207702009
20
2.187145377
10
28.038109345
20
2.186750968
10
27.868523692
20
2.186356559
10
27.698945051
20
2.185962150
10
27.529373420
20
2.185567741
10
27.359808800
20
2.185173332
10
27.190251192
20
2.184778923
10
27.020700595
20
2.184384515
10
26.851157008
20
2.183990106
10
26.681620433
20
2.183595697
10
26.512090869
20
2.183201288
10
26.342568316
20
2.182806879
10
26.173052774
20
2.182412470
10
26.003544243
20
2.182018061
10
25.834042723
20
2.181623652
10
25.664548215
20
2.181229244
10
25.495060717
20
2.180834835
10
25.325580230
20
2.180440426
10
25.156106755
20
2.180046017
10
24.986640290
20
2.179651608
10
24.817180837
20
2.179257199
10
24.647728395
20
2.178862790
10
24.478282964
20
2.178468382
10
24.308844544
20
2.178073973
10
24.139413135
20
2.177679564
10
23.969988737
20
2.177285155
10
23.800571350
20
2.176890746
10
23.631160974
20
2.176496337
10
23.461757609
20
2.176101928
10
23.292361256
20
2.175707519
10
23.122971913
20
2.175313111
10
22.953589582
20
2.174918702
10
22.784214261
20
2.174524293
10
22.614845952
20
2.174129884
10
22.445484654
20
2.173735475
10
22.276130367
20
2.173341066
10
22.106783091
20
2.172946657
10
21.937442826
20
2.172552249
10
21.768109572
20
2.172157840
10
21.598783329
20
2.171763431
10
21.429464098
20
2.171369022
10
21.260151877
20
2.170974613
10
21.090846667
20
2.170580204
10
20.921548469
20
2.170185795
10
20.752257282
20
2.169791386
10
20.582973105
20
2.169396978
10
20.413695940
20
2.169002569
10
20.244425786
20
2.168608160
10
20.075162643
20
2.168213751
10
19.905906511
20
2.167819342
10
19.736657390
20
2.167424933
10
19.567415280
20
2.167030524
10
19.398180181
20
2.166636116
10
19.228952094
20
2.166241707
10
19.059731017
20
2.165847298
10
18.890516952
20
2.165452889
10
18.721309897
20
2.165058480
10
18.552109854
20
2.164664071
10
18.382916822
20
2.164269662
10
18.213730800
20
2.163875253
10
18.044551790
20
2.163480845
10
17.875379791
20
2.163086436
10
17.706214803
20
2.162692027
10
17.537056827
20
2.162297618
10
17.367905861
20
2.161903209
10
17.198761906
20
2.161508800
10
17.029624962
20
2.161114391
10
16.860495030
20
2.160719983
10
16.691372108
20
2.160325574
10
16.522256198
20
2.159931165
10
16.353147299
20
2.159536756
10
16.184045411
20
2.159142347
10
16.014950533
20
2.158747938
10
15.845862667
20
2.158353529
10
15.676781812
20
2.157959120
10
15.507707969
20
2.157564712
10
15.338641136
20
2.157170303
10
15.169581314
20
2.156775894
10
15.000528503
20
2.156381485
10
14.831482704
20
2.155987076
10
14.662443915
20
2.155592667
10
14.493412138
20
2.155198258
10
14.324387372
20
2.154803850
10
14.155369616
20
2.154409441
10
13.986358872
20
2.154015032
10
13.817355139
20
2.153620623
10
13.648358417
20
2.153226214
10
13.479368706
20
2.152831805
10
13.310386006
20
2.152437396
10
13.141410318
20
2.152042987
10
12.972441640
20
2.151648579
10
12.803479973
20
2.151254170
10
12.634525318
20
2.150859761
10
12.465577673
20
2.150465352
10
12.296637040
20
2.150070943
10
12.127703418
20
2.149676534
10
11.958776807
20
2.149282125
10
11.789857207
20
2.148887717
10
11.620944618
20
2.148493308
10
11.452039040
20
2.148098899
10
11.283140473
20
2.147704490
10
11.114248917
20
2.147310081
10
10.945364372
20
2.146915672
10
10.776486839
20
2.146521263
10
10.607616316
20
2.146126855
10
10.438752805
20
2.145732446
10
10.269896304
20
2.145338037
10
10.101046815
20
2.144943628
10
9.932204337
20
2.144549219
10
9.763368870
20
2.144154810
10
9.594540414
20
2.143760401
10
9.425718969
20
2.143365992
10
9.256904535
20
2.142971584
0
LWPOLYLINE
100
AcDbEntity
8
COPPER_L1_TOP
100
AcDbPolyline
90
220
70
0
38
0.000000000
10
9.256904535
20
2.142971584
10
9.088097112
20
2.142577175
10
8.919296700
20
2.142182766
10
8.750503299
20
2.141788357
10
8.581716910
20
2.141393948
10
8.412937531
20
2.140999539
10
8.244165164
20
2.140605130
10
8.075399808
20
2.140210722
10
7.906641462
20
2.139816313
10
7.737890128
20
2.139421904
10
7.569145805
20
2.139027495
10
7.400408493
20
2.138633086
10
7.231678192
20
2.138238677
10
7.062954902
20
2.137844268
10
6.894238624
20
2.137449859
10
6.725529356
20
2.137055451
10
6.556827099
20
2.136661042
10
6.388131854
20
2.136266633
10
6.219443619
20
2.135872224
10
6.050762396
20
2.135477815
10
5.882088184
20
2.135083406
10
5.713420982
20
2.134688997
10
5.544760792
20
2.134294589
10
5.376107613
20
2.133900180
10
5.207461445
20
2.133505771
10
5.038822288
20
2.133111362
10
4.870190143
20
2.132716953
10
4.701565008
20
2.132322544
10
4.532946884
20
2.131928135
10
4.364335772
20
2.131533726
10
4.195731670
20
2.131139318
10
4.027134580
20
2.130744909
10
3.858544501
20
2.130350500
10
3.689961432
20
2.129956091
10
3.521385375
20
2.129561682
10
3.352816329
20
2.129167273
10
3.184254294
20
2.128772864
10
3.015699270
20
2.128378456
10
2.847151257
20
2.127984047
10
2.678610256
20
2.127589638
10
2.510076265
20
2.127195229
10
2.341549285
20
2.126800820
10
2.173029317
20
2.126406411
10
2.004516359
20
2.126012002
10
1.836010413
20
2.125617593
10
1.667511478
20
2.125223185
10
1.499019554
20
2.124828776
10
1.330534641
20
2.124434367
10
1.162056739
20
2.124039958
10
0.993585848
20
2.123645549
10
0.825121968
20
2.123251140
10
0.656665099
20
2.122856731
10
0.488215241
20
2.122462323
10
0.319772395
20
2.122067914
10
0.151336559
20
2.121673505
10
-0.017092265
20
2.121279096
10
-0.185514079
20
2.120884687
10
-0.353928881
20
2.120490278
10
-0.522336672
20
2.120095869
10
-0.690737452
20
2.119701460
10
-0.859131221
20
2.119307052
10
-1.027517979
20
2.118912643
10
-1.195897726
20
2.118518234
10
-1.364270462
20
2.118123825
10
-1.532636187
20
2.117729416
10
-1.700994901
20
2.117335007
10
-1.869346603
20
2.116940598
10
-2.037691295
20
2.116546190
10
-2.206028975
20
2.116151781
10
-2.374359644
20
2.115757372
10
-2.542683303
20
2.115362963
10
-2.710999950
20
2.114968554
10
-2.879309586
20
2.114574145
10
-3.047612211
20
2.114179736
10
-3.215907825
20
2.113785327
10
-3.384196428
20
2.113390919
10
-3.552478019
20
2.112996510
10
-3.720752600
20
2.112602101
10
-3.889020170
20
2.112207692
10
-4.057280728
20
2.111813283
10
-4.225534276
20
2.111418874
10
-4.393780812
20
2.111024465
10
-4.562020337
20
2.110630057
10
-4.730252851
20
2.110235648
10
-4.898478355
20
2.109841239
10
-5.066696847
20
2.109446830
10
-5.234908328
20
2.109052421
10
-5.403112797
20
2.108658012
10
-5.571310256
20
2.108263603
10
-5.739500704
20
2.107869194
10
-5.907684141
20
2.107474786
10
-6.075860566
20
2.107080377
10
-6.244029981
20
2.106685968
10
-6.412192384
20
2.106291559
10
-6.580347776
20
2.105897150
10
-6.748496157
20
2.105502741
10
-6.916637528
20
2.105108332
10
-7.084771887
20
2.104713924
10
-7.252899235
20
2.104319515
10
-7.421019572
20
2.103925106
10
-7.589132897
20
2.103530697
10
-7.757239212
20
2.103136288
10
-7.925338516
20
2.102741879
10
-8.093430808
20
2.102347470
10
-8.261516090
20
2.101953061
10
-8.429594360
20
2.101558653
10
-8.597665620
20
2.101164244
10
-8.765729868
20
2.100769835
10
-8.933787105
20
2.100375426
10
-9.101837331
20
2.099981017
10
-9.269880546
20
2.099586608
10
-9.437916750
20
2.099192199
10
-9.605945943
20
2.098797791
10
-9.773968125
20
2.098403382
10
-9.941983295
20
2.098008973
10
-10.109991455
20
2.097614564
10
-10.277992604
20
2.097220155
10
-10.445986741
20
2.096825746
10
-10.613973867
20
2.096431337
10
-10.781953983
20
2.096036929
10
-10.949927087
20
2.095642520
10
-11.117893180
20
2.095248111
10
-11.285852262
20
2.094853702
10
-11.453804333
20
2.094459293
10
-11.621749393
20
2.094064884
10
-11.789687442
20
2.093670475
10
-11.957618479
20
2.093276066
10
-12.125542506
20
2.092881658
10
-12.293459522
20
2.092487249
10
-12.461369526
20
2.092092840
10
-12.629272520
20
2.091698431
10
-12.797168502
20
2.091304022
10
-12.965057473
20
2.090909613
10
-13.132939433
20
2.090515204
10
-13.300814382
20
2.090120796
10
-13.468682320
20
2.089726387
10
-13.636543247
20
2.089331978
10
-13.804397163
20
2.088937569
10
-13.972244068
20
2.088543160
10
-14.140083962
20
2.088148751
10
-14.307916844
20
2.087754342
10
-14.475742716
20
2.087359933
10
-14.643561576
20
2.086965525
10
-14.811373425
20
2.086571116
10
-14.979178264
20
2.086176707
10
-15.146976091
20
2.085782298
10
-15.314766907
20
2.085387889
10
-15.482550712
20
2.084993480
10
-15.650327506
20
2.084599071
10
-15.818097289
20
2.084204663
10
-15.985860061
20
2.083810254
10
-16.153615821
20
2.083415845
10
-16.321364571
20
2.083021436
10
-16.489106310
20
2.082627027
10
-16.656841037
20
2.082232618
10
-16.824568753
20
2.081838209
10
-16.992289459
20
2.081443800
10
-17.160003153
20
2.081049392
10
-17.327709836
20
2.080654983
10
-17.495409508
20
2.080260574
10
-17.663102169
20
2.079866165
10
-17.830787819
20
2.079471756
10
-17.998466458
20
2.079077347
10
-18.166138086
20
2.078682938
10
-18.333802702
20
2.078288530
10
-18.501460308
20
2.077894121
10
-18.669110902
20
2.077499712
10
-18.836754486
20
2.077105303
10
-19.004391058
20
2.076710894
10
-19.172020619
20
2.076316485
10
-19.339643169
20
2.075922076
10
-19.507258709
20
2.075527667
10
-19.674867237
20
2.075133259
10
-19.842468753
20
2.074738850
10
-20.010063259
20
2.074344441
10
-20.177650754
20
2.073950032
10
-20.345231238
20
2.073555623
10
-20.512804710
20
2.073161214
10
-20.680371172
20
2.072766805
10
-20.847930622
20
2.072372397
10
-21.015483062
20
2.071977988
10
-21.183028490
20
2.071583579
10
-21.350566907
20
2.071189170
10
-21.518098313
20
2.070794761
10
-21.685622708
20
2.070400352
10
-21.853140092
20
2.070005943
10
-22.020650465
20
2.069611534
10
-22.188153827
20
2.069217126
10
-22.355650178
20
2.068822717
10
-22.523139517
20
2.068428308
10
-22.690621846
20
2.068033899
10
-22.858097163
20
2.067639490
10
-23.025565470
20
2.067245081
10
-23.193026765
20
2.066850672
10
-23.360481049
20
2.066456264
10
-23.527928323
20
2.066061855
10
-23.695368585
20
2.065667446
10
-23.862801836
20
2.065273037
10
-24.030228076
20
2.064878628
10
-24.197647304
20
2.064484219
10
-24.365059522
20
2.064089810
10
-24.532464729
20
2.063695401
10
-24.699862924
20
2.063300993
10
-24.867254109
20
2.062906584
10
-25.034638282
20
2.062512175
10
-25.202015445
20
2.062117766
10
-25.369385596
20
2.061723357
10
-25.536748736
20
2.061328948
10
-25.704104865
20
2.060934539
10
-25.871453983
20
2.060540131
10
-26.038796090
20
2.060145722
10
-26.206131186
20
2.059751313
10
-26.373459271
20
2.059356904
10
-26.540780345
20
2.058962495
10
-26.708094407
20
2.058568086
10
-26.875401459
20
2.058173677
10
-27.042701499
20
2.057779268
10
-27.209994529
20
2.057384860
10
-27.377280547
20
2.056990451
10
-27.544559554
20
2.056596042
0
LWPOLYLINE
100
AcDbEntity
8
COPPER_L1_TOP
100
AcDbPolyline
90
220
70
0
38
0.000000000
10
-27.544559554
20
2.056596042
10
-27.711831550
20
2.056201633
10
-27.879096535
20
2.055807224
10
-28.046354509
20
2.055412815
10
-28.213605472
20
2.055018406
10
-28.380849424
20
2.054623998
10
-28.548086365
20
2.054229589
10
-28.715316294
20
2.053835180
10
-28.882539213
20
2.053440771
10
-29.049755120
20
2.053046362
10
-29.216964017
20
2.052651953
10
-29.384165902
20
2.052257544
10
-29.551360776
20
2.051863135
10
-29.718548640
20
2.051468727
10
-29.885729492
20
2.051074318
10
-30.052903333
20
2.050679909
10
-30.220070163
20
2.050285500
10
-30.387229981
20
2.049891091
10
-30.554382789
20
2.049496682
10
-30.721528586
20
2.049102273
10
-30.888667371
20
2.048707865
10
-31.055799146
20
2.048313456
10
-31.222923909
20
2.047919047
10
-31.390041662
20
2.047524638
10
-31.557152403
20
2.047130229
10
-31.724256133
20
2.046735820
10
-31.891352852
20
2.046341411
10
-32.058442560
20
2.045947003
10
-32.225525257
20
2.045552594
10
-32.392600943
20
2.045158185
10
-32.559669618
20
2.044763776
10
-32.726731282
20
2.044369367
10
-32.893785934
20
2.043974958
10
-33.060833576
20
2.043580549
10
-33.227874206
20
2.043186140
10
-33.394907826
20
2.042791732
10
-33.561934434
20
2.042397323
10
-33.728954031
20
2.042002914
10
-33.895966617
20
2.041608505
10
-34.062972193
20
2.041214096
10
-34.229970757
20
2.040819687
10
-34.396962309
20
2.040425278
10
-34.563946851
20
2.040030870
10
-34.730924382
20
2.039636461
10
-34.897894902
20
2.039242052
10
-35.064858410
20
2.038847643
10
-35.231814908
20
2.038453234
10
-35.397685733
20
2.021971608
10
-35.556590813
20
1.971344151
10
-35.701587143
20
1.888737273
10
-35.826339325
20
1.777738350
10
-35.925395588
20
1.643171430
10
-35.994425116
20
1.490886644
10
-36.030406438
20
1.327504975
10
-36.035297963
20
1.160018499
10
-36.034903554
20
0.992336283
10
-36.034509145
20
0.824661079
10
-36.034114737
20
0.656992885
10
-36.033720328
20
0.489331703
10
-36.033325919
20
0.321677532
10
-36.032931510
20
0.154030372
10
-36.032537101
20
-0.013609777
10
-36.032142692
20
-0.181242915
10
-36.031748283
20
-0.348869042
10
-36.031353874
20
-0.516488158
10
-36.030959466
20
-0.684100262
10
-36.030565057
20
-0.851705356
10
-36.030170648
20
-1.019303439
10
-36.029776239
20
-1.186894510
10
-36.019620997
20
-1.353969385
10
-35.975904471
20
-1.515544432
10
-35.899384707
20
-1.664527070
10
-35.793408971
20
-1.794358687
10
-35.662617347
20
-1.899323012
10
-35.512738611
20
-1.974796875
10
-35.350338389
20
-2.017452873
10
-35.182508315
20
-2.026620968
10
-35.014191525
20
-2.026226559
10
-34.845881747
20
-2.025832150
10
-34.677578980
20
-2.025437741
10
-34.509283223
20
-2.025043333
10
-34.340994478
20
-2.024648924
10
-34.172712744
20
-2.024254515
10
-34.004438021
20
-2.023860106
10
-33.836170309
20
-2.023465697
10
-33.667909608
20
-2.023071288
10
-33.499655919
20
-2.022676879
10
-33.331409240
20
-2.022282471
10
-33.163169573
20
-2.021888062
10
-32.994936916
20
-2.021493653
10
-32.826711271
20
-2.021099244
10
-32.658492636
20
-2.020704835
10
-32.490281013
20
-2.020310426
10
-32.322076401
20
-2.019916017
10
-32.153878800
20
-2.019521608
10
-31.985688210
20
-2.019127200
10
-31.817504631
20
-2.018732791
10
-31.649328063
20
-2.018338382
10
-31.481158506
20
-2.017943973
10
-31.312995960
20
-2.017549564
10
-31.144840426
20
-2.017155155
10
-30.976691902
20
-2.016760746
10
-30.808550390
20
-2.016366338
10
-30.640415889
20
-2.015971929
10
-30.472288398
20
-2.015577520
10
-30.304167919
20
-2.015183111
10
-30.136054451
20
-2.014788702
10
-29.967947994
20
-2.014394293
10
-29.799848548
20
-2.013999884
10
-29.631756113
20
-2.013605475
10
-29.463670689
20
-2.013211067
10
-29.295592277
20
-2.012816658
10
-29.127520875
20
-2.012422249
10
-28.959456484
20
-2.012027840
10
-28.791399105
20
-2.011633431
10
-28.623348736
20
-2.011239022
10
-28.455305379
20
-2.010844613
10
-28.287269033
20
-2.010450205
10
-28.119239698
20
-2.010055796
10
-27.951217374
20
-2.009661387
10
-27.783202061
20
-2.009266978
10
-27.615193759
20
-2.008872569
10
-27.447192468
20
-2.008478160
10
-27.279198188
20
-2.008083751
10
-27.111210919
20
-2.007689342
10
-26.943230662
20
-2.007294934
10
-26.775257415
20
-2.006900525
10
-26.607291180
20
-2.006506116
10
-26.439331956
20
-2.006111707
10
-26.271379742
20
-2.005717298
10
-26.103434540
20
-2.005322889
10
-25.935496349
20
-2.004928480
10
-25.767565169
20
-2.004534072
10
-25.599641000
20
-2.004139663
10
-25.431723842
20
-2.003745254
10
-25.263813695
20
-2.003350845
10
-25.095910560
20
-2.002956436
10
-24.928014435
20
-2.002562027
10
-24.760125322
20
-2.002167618
10
-24.592243219
20
-2.001773210
10
-24.424368128
20
-2.001378801
10
-24.256500047
20
-2.000984392
10
-24.088638978
20
-2.000589983
10
-23.920784920
20
-2.000195574
10
-23.752937873
20
-1.999801165
10
-23.585097837
20
-1.999406756
10
-23.417264812
20
-1.999012347
10
-23.249438798
20
-1.998617939
10
-23.081619796
20
-1.998223530
10
-22.913807804
20
-1.997829121
10
-22.746002823
20
-1.997434712
10
-22.578204854
20
-1.997040303
10
-22.410413895
20
-1.996645894
10
-22.242629948
20
-1.996251485
10
-22.074853012
20
-1.995857077
10
-21.907083087
20
-1.995462668
10
-21.739320173
20
-1.995068259
10
-21.571564270
20
-1.994673850
10
-21.403815378
20
-1.994279441
10
-21.236073497
20
-1.993885032
10
-21.068338627
20
-1.993490623
10
-20.900610768
20
-1.993096214
10
-20.732889921
20
-1.992701806
10
-20.565176084
20
-1.992307397
10
-20.397469259
20
-1.991912988
10
-20.229769444
20
-1.991518579
10
-20.062076641
20
-1.991124170
10
-19.894390849
20
-1.990729761
10
-19.726712068
20
-1.990335352
10
-19.559040298
20
-1.989940944
10
-19.391375539
20
-1.989546535
10
-19.223717791
20
-1.989152126
10
-19.056067054
20
-1.988757717
10
-18.888423328
20
-1.988363308
10
-18.720786614
20
-1.987968899
10
-18.553156910
20
-1.987574490
10
-18.385534218
20
-1.987180081
10
-18.217918536
20
-1.986785673
10
-18.050309866
20
-1.986391264
10
-17.882708207
20
-1.985996855
10
-17.715113559
20
-1.985602446
10
-17.547525922
20
-1.985208037
10
-17.379945296
20
-1.984813628
10
-17.212371681
20
-1.984419219
10
-17.044805077
20
-1.984024811
10
-16.877245484
20
-1.983630402
10
-16.709692903
20
-1.983235993
10
-16.542147332
20
-1.982841584
10
-16.374608772
20
-1.982447175
10
-16.207077224
20
-1.982052766
10
-16.039552687
20
-1.981658357
10
-15.872035160
20
-1.981263948
10
-15.704524645
20
-1.980869540
10
-15.537021141
20
-1.980475131
10
-15.369524648
20
-1.980080722
10
-15.202035166
20
-1.979686313
10
-15.034552695
20
-1.979291904
10
-14.867077236
20
-1.978897495
10
-14.699608787
20
-1.978503086
10
-14.532147349
20
-1.978108678
10
-14.364692923
20
-1.977714269
10
-14.197245507
20
-1.977319860
10
-14.029805103
20
-1.976925451
10
-13.862371710
20
-1.976531042
10
-13.694945327
20
-1.976136633
10
-13.527525956
20
-1.975742224
10
-13.360113596
20
-1.975347815
10
-13.192708247
20
-1.974953407
10
-13.025309909
20
-1.974558998
10
-12.857918582
20
-1.974164589
10
-12.690534267
20
-1.973770180
10
-12.523156962
20
-1.973375771
10
-12.355786669
20
-1.972981362
10
-12.188423386
20
-1.972586953
10
-12.021067115
20
-1.972192545
10
-11.853717854
20
-1.971798136
10
-11.686375605
20
-1.971403727
10
-11.519040367
20
-1.971009318
10
-11.351712140
20
-1.970614909
10
-11.184390924
20
-1.970220500
0
LWPOLYLINE
100
AcDbEntity
8
COPPER_L1_TOP
100
AcDbPolyline
90
220
70
0
38
0.000000000
10
-11.184390924
20
-1.970220500
10
-11.017076719
20
-1.969826091
10
-10.849769525
20
-1.969431682
10
-10.682469342
20
-1.969037274
10
-10.515176171
20
-1.968642865
10
-10.347890010
20
-1.968248456
10
-10.180610861
20
-1.967854047
10
-10.013338722
20
-1.967459638
10
-9.846073595
20
-1.967065229
10
-9.678815478
20
-1.966670820
10
-9.511564373
20
-1.966276412
10
-9.344320279
20
-1.965882003
10
-9.177083196
20
-1.965487594
10
-9.009853124
20
-1.965093185
10
-8.842630063
20
-1.964698776
10
-8.675414013
20
-1.964304367
10
-8.508204975
20
-1.963909958
10
-8.341002947
20
-1.963515549
10
-8.173807931
20
-1.963121141
10
-8.006619925
20
-1.962726732
10
-7.839438931
20
-1.962332323
10
-7.672264947
20
-1.961937914
10
-7.505097975
20
-1.961543505
10
-7.337938014
20
-1.961149096
10
-7.170785064
20
-1.960754687
10
-7.003639125
20
-1.960360279
10
-6.836500197
20
-1.959965870
10
-6.669368280
20
-1.959571461
10
-6.502243375
20
-1.959177052
10
-6.335125480
20
-1.958782643
10
-6.168014596
20
-1.958388234
10
-6.000910724
20
-1.957993825
10
-5.833813862
20
-1.957599416
10
-5.666724012
20
-1.957205008
10
-5.499641173
20
-1.956810599
10
-5.332565345
20
-1.956416190
10
-5.165496528
20
-1.956021781
10
-4.998434721
20
-1.955627372
10
-4.831379927
20
-1.955232963
10
-4.664332143
20
-1.954838554
10
-4.497291370
20
-1.954444146
10
-4.330257608
20
-1.954049737
10
-4.163230858
20
-1.953655328
10
-3.996211118
20
-1.953260919
10
-3.829198390
20
-1.952866510
10
-3.662192672
20
-1.952472101
10
-3.495193966
20
-1.952077692
10
-3.328202271
20
-1.951683284
10
-3.161217587
20
-1.951288875
10
-2.994239914
20
-1.950894466
10
-2.827269252
20
-1.950500057
10
-2.660305601
20
-1.950105648
10
-2.493348961
20
-1.949711239
10
-2.326399332
20
-1.949316830
10
-2.159456715
20
-1.948922421
10
-1.992521108
20
-1.948528013
10
-1.825592513
20
-1.948133604
10
-1.658670928
20
-1.947739195
10
-1.491756355
20
-1.947344786
10
-1.324848793
20
-1.946950377
10
-1.157948241
20
-1.946555968
10
-0.991054701
20
-1.946161559
10
-0.824168172
20
-1.945767151
10
-0.657288654
20
-1.945372742
10
-0.490416148
20
-1.944978333
10
-0.323550652
20
-1.944583924
10
-0.156692167
20
-1.944189515
10
0.010159306
20
-1.943795106
10
0.177003769
20
-1.943400697
10
0.343841220
20
-1.943006288
10
0.510671661
20
-1.942611880
10
0.677495090
20
-1.942217471
10
0.844311508
20
-1.941823062
10
1.011120915
20
-1.941428653
10
1.177923311
20
-1.941034244
10
1.344718696
20
-1.940639835
10
1.511507070
20
-1.940245426
10
1.678288433
20
-1.939851018
10
1.845062785
20
-1.939456609
10
2.011830125
20
-1.939062200
10
2.178590455
20
-1.938667791
10
2.345343773
20
-1.938273382
10
2.512090081
20
-1.937878973
10
2.678829377
20
-1.937484564
10
2.845561662
20
-1.937090155
10
3.012286936
20
-1.936695747
10
3.179005199
20
-1.936301338
10
3.345716451
20
-1.935906929
10
3.512420692
20
-1.935512520
10
3.679117922
20
-1.935118111
10
3.845808141
20
-1.934723702
10
4.012491348
20
-1.934329293
10
4.179167545
20
-1.933934885
10
4.345836731
20
-1.933540476
10
4.512498905
20
-1.933146067
10
4.679154068
20
-1.932751658
10
4.845802221
20
-1.932357249
10
5.012443362
20
-1.931962840
10
5.179077492
20
-1.931568431
10
5.345704611
20
-1.931174022
10
5.512324719
20
-1.930779614
10
5.678937816
20
-1.930385205
10
5.845543901
20
-1.929990796
10
6.012142976
20
-1.929596387
10
6.178735040
20
-1.929201978
10
6.345320092
20
-1.928807569
10
6.511898134
20
-1.928413160
10
6.678469164
20
-1.928018752
10
6.845033183
20
-1.927624343
10
7.011590191
20
-1.927229934
10
7.178140189
20
-1.926835525
10
7.344683175
20
-1.926441116
10
7.511219150
20
-1.926046707
10
7.677748113
20
-1.925652298
10
7.844270066
20
-1.925257889
10
8.010785008
20
-1.924863481
10
8.177292939
20
-1.924469072
10
8.343793858
20
-1.924074663
10
8.510287767
20
-1.923680254
10
8.676774664
20
-1.923285845
10
8.843254550
20
-1.922891436
10
9.009727426
20
-1.922497027
10
9.176193290
20
-1.922102619
10
9.342652143
20
-1.921708210
10
9.509103985
20
-1.921313801
10
9.675548816
20
-1.920919392
10
9.841986636
20
-1.920524983
10
10.008417444
20
-1.920130574
10
10.174841242
20
-1.919736165
10
10.341258029
20
-1.919341756
10
10.507667804
20
-1.918947348
10
10.674070568
20
-1.918552939
10
10.840466322
20
-1.918158530
10
11.006855064
20
-1.917764121
10
11.173236795
20
-1.917369712
10
11.339611515
20
-1.916975303
10
11.505979224
20
-1.916580894
10
11.672339922
20
-1.916186486
10
11.838693609
20
-1.915792077
10
12.005040285
20
-1.915397668
10
12.171379950
20
-1.915003259
10
12.337712603
20
-1.914608850
10
12.504038246
20
-1.914214441
10
12.670356877
20
-1.913820032
10
12.836668498
20
-1.913425623
10
13.002973107
20
-1.913031215
10
13.169270705
20
-1.912636806
10
13.335561292
20
-1.912242397
10
13.501844868
20
-1.911847988
10
13.668121433
20
-1.911453579
10
13.834390987
20
-1.911059170
10
14.000653530
20
-1.910664761
10
14.166909062
20
-1.910270353
10
14.333157582
20
-1.909875944
10
14.499399092
20
-1.909481535
10
14.665633591
20
-1.909087126
10
14.831861078
20
-1.908692717
10
14.998081554
20
-1.908298308
10
15.164295019
20
-1.907903899
10
15.330501474
20
-1.907509490
10
15.496700917
20
-1.907115082
10
15.662893349
20
-1.906720673
10
15.829078770
20
-1.906326264
10
15.995257180
20
-1.905931855
10
16.161428578
20
-1.905537446
10
16.327592966
20
-1.905143037
10
16.493750343
20
-1.904748628
10
16.659900708
20
-1.904354220
10
16.826044063
20
-1.903959811
10
16.992180406
20
-1.903565402
10
17.158309738
20
-1.903170993
10
17.324432059
20
-1.902776584
10
17.490547369
20
-1.902382175
10
17.656655669
20
-1.901987766
10
17.822756956
20
-1.901593358
10
17.988851233
20
-1.901198949
10
18.154938499
20
-1.900804540
10
18.321018754
20
-1.900410131
10
18.487091997
20
-1.900015722
10
18.653158230
20
-1.899621313
10
18.819217451
20
-1.899226904
10
18.985269662
20
-1.898832495
10
19.151314861
20
-1.898438087
10
19.317353049
20
-1.898043678
10
19.483384227
20
-1.897649269
10
19.649408393
20
-1.897254860
10
19.815425548
20
-1.896860451
10
19.981435692
20
-1.896466042
10
20.147438824
20
-1.896071633
10
20.313434946
20
-1.895677225
10
20.479424057
20
-1.895282816
10
20.645406156
20
-1.894888407
10
20.811381245
20
-1.894493998
10
20.977349322
20
-1.894099589
10
21.143310389
20
-1.893705180
10
21.309264444
20
-1.893310771
10
21.475211488
20
-1.892916362
10
21.641151521
20
-1.892521954
10
21.807084543
20
-1.892127545
10
21.973010554
20
-1.891733136
10
22.138929554
20
-1.891338727
10
22.304841543
20
-1.890944318
10
22.470746520
20
-1.890549909
10
22.636644487
20
-1.890155500
10
22.802535443
20
-1.889761092
10
22.968419387
20
-1.889366683
10
23.134296320
20
-1.888972274
10
23.300166243
20
-1.888577865
10
23.466029154
20
-1.888183456
10
23.631885054
20
-1.887789047
10
23.797733943
20
-1.887394638
10
23.963575821
20
-1.887000229
10
24.129410688
20
-1.886605821
10
24.295238544
20
-1.886211412
10
24.461059388
20
-1.885817003
10
24.626873222
20
-1.885422594
10
24.792680045
20
-1.885028185
10
24.958479856
20
-1.884633776
10
25.124272657
20
-1.884239367
10
25.290058446
20
-1.883844959
0
LWPOLYLINE
100
AcDbEntity
8
COPPER_L1_TOP
100
AcDbPolyline
90
220
70
0
38
0.000000000
10
25.290058446
20
-1.883844959
10
25.455837224
20
-1.883450550
10
25.621608991
20
-1.883056141
10
25.787373747
20
-1.882661732
10
25.953131492
20
-1.882267323
10
26.118882226
20
-1.881872914
10
26.284625949
20
-1.881478505
10
26.450362661
20
-1.881084096
10
26.616092362
20
-1.880689688
10
26.781815051
20
-1.880295279
10
26.947530730
20
-1.879900870
10
27.113239397
20
-1.879506461
10
27.278941053
20
-1.879112052
10
27.444635699
20
-1.878717643
10
27.610323333
20
-1.878323234
10
27.776003956
20
-1.877928826
10
27.941677568
20
-1.877534417
10
28.107344169
20
-1.877140008
10
28.273003759
20
-1.876745599
10
28.438656338
20
-1.876351190
10
28.604301905
20
-1.875956781
10
28.769940462
20
-1.875562372
10
28.935572008
20
-1.875167963
10
29.101196542
20
-1.874773555
10
29.266814065
20
-1.874379146
10
29.432424578
20
-1.873984737
10
29.598028079
20
-1.873590328
10
29.763624569
20
-1.873195919
10
29.929214048
20
-1.872801510
10
30.094796516
20
-1.872407101
10
30.260371973
20
-1.872012693
10
30.425940419
20
-1.871618284
10
30.591501854
20
-1.871223875
10
30.757056277
20
-1.870829466
10
30.922603690
20
-1.870435057
10
31.088144091
20
-1.870040648
10
31.253677482
20
-1.869646239
10
31.419203861
20
-1.869251830
10
31.584723229
20
-1.868857422
10
31.750235587
20
-1.868463013
10
31.915740933
20
-1.868068604
10
32.081239268
20
-1.867674195
10
32.246730592
20
-1.867279786
10
32.412214904
20
-1.866885377
10
32.577692206
20
-1.866490968
10
32.743162497
20
-1.866096560
10
32.908625776
20
-1.865702151
10
33.074082045
20
-1.865307742
10
33.239531302
20
-1.864913333
10
33.404973549
20
-1.864518924
10
33.570408784
20
-1.864124515
10
33.735837008
20
-1.863730106
10
33.901258221
20
-1.863335697
10
34.066672423
20
-1.862941289
10
34.232079614
20
-1.862546880
10
34.397479794
20
-1.862152471
10
34.562872963
20
-1.861758062
10
34.728259121
20
-1.861363653
10
34.893638267
20
-1.860969244
10
35.059010403
20
-1.860574835
10
35.223225165
20
-1.843389475
10
35.380458739
20
-1.792704162
10
35.523969952
20
-1.710672626
10
35.647605930
20
-1.600790300
10
35.746065053
20
-1.467742912
10
35.815123406
20
-1.317205771
10
35.851815066
20
-1.155600808
10
35.857419565
20
-0.989741102
10
35.857025156
20
-0.823643248
10
35.856630747
20
-0.657552406
10
35.856236338
20
-0.491468574
10
35.855841929
20
-0.325391754
10
35.855447520
20
-0.159321945
10
35.855053111
20
0.006740853
10
35.854658702
20
0.172796640
10
35.854264294
20
0.338845416
10
35.853869885
20
0.504887181
10
35.853475476
20
0.670921935
10
35.853081067
20
0.836949678
10
35.852686658
20
1.002970410
10
35.843796706
20
1.168570770
10
35.802329814
20
1.329119508
10
35.728516419
20
1.477711614
10
35.625525123
20
1.607926896
10
35.497781398
20
1.714138528
10
35.350776504
20
1.791755308
10
35.190830543
20
1.837419194
10
35.024815972
20
1.849531387
10
34.858069522
20
1.849136978
10
34.691330083
20
1.848742569
10
34.524597656
20
1.848348161
10
34.357872239
20
1.847953752
10
34.191153834
20
1.847559343
10
34.024442440
20
1.847164934
10
33.857738057
20
1.846770525
10
33.691040684
20
1.846376116
10
33.524350323
20
1.845981707
10
33.357666973
20
1.845587299
10
33.190990635
20
1.845192890
10
33.024321307
20
1.844798481
10
32.857658990
20
1.844404072
10
32.691003684
20
1.844009663
10
32.524355390
20
1.843615254
10
32.357714106
20
1.843220845
10
32.191079834
20
1.842826436
10
32.024452573
20
1.842432028
10
31.857832322
20
1.842037619
10
31.691219083
20
1.841643210
10
31.524612855
20
1.841248801
10
31.358013638
20
1.840854392
10
31.191421432
20
1.840459983
10
31.024836238
20
1.840065574
10
30.858258054
20
1.839671166
10
30.691686881
20
1.839276757
10
30.525122720
20
1.838882348
10
30.358565569
20
1.838487939
10
30.192015430
20
1.838093530
10
30.025472301
20
1.837699121
10
29.858936184
20
1.837304712
10
29.692407078
20
1.836910303
10
29.525884983
20
1.836515895
10
29.359369899
20
1.836121486
10
29.192861826
20
1.835727077
10
29.026360764
20
1.835332668
10
28.859866713
20
1.834938259
10
28.693379673
20
1.834543850
10
28.526899645
20
1.834149441
10
28.360426627
20
1.833755033
10
28.193960621
20
1.833360624
10
28.027501625
20
1.832966215
10
27.861049641
20
1.832571806
10
27.694604668
20
1.832177397
10
27.528166706
20
1.831782988
10
27.361735755
20
1.831388579
10
27.195311815
20
1.830994170
10
27.028894886
20
1.830599762
10
26.862484968
20
1.830205353
10
26.696082061
20
1.829810944
10
26.529686166
20
1.829416535
10
26.363297281
20
1.829022126
10
26.196915408
20
1.828627717
10
26.030540545
20
1.828233308
10
25.864172694
20
1.827838900
10
25.697811854
20
1.827444491
10
25.531458025
20
1.827050082
10
25.365111207
20
1.826655673
10
25.198771400
20
1.826261264
10
25.032438604
20
1.825866855
10
24.866112819
20
1.825472446
10
24.699794045
20
1.825078037
10
24.533482282
20
1.824683629
10
24.367177531
20
1.824289220
10
24.200879790
20
1.823894811
10
24.034589061
20
1.823500402
10
23.868305342
20
1.823105993
10
23.702028635
20
1.822711584
10
23.535758939
20
1.822317175
10
23.369496254
20
1.821922767
10
23.203240580
20
1.821528358
10
23.036991917
20
1.821133949
10
22.870750265
20
1.820739540
10
22.704515624
20
1.820345131
10
22.538287994
20
1.819950722
10
22.372067376
20
1.819556313
10
22.205853768
20
1.819161904
10
22.039647172
20
1.818767496
10
21.873447586
20
1.818373087
10
21.707255012
20
1.817978678
10
21.541069449
20
1.817584269
10
21.374890897
20
1.817189860
10
21.208719356
20
1.816795451
10
21.042554826
20
1.816401042
10
20.876397307
20
1.816006634
10
20.710246799
20
1.815612225
10
20.544103302
20
1.815217816
10
20.377966817
20
1.814823407
10
20.211837342
20
1.814428998
10
20.045714879
20
1.814034589
10
19.879599426
20
1.813640180
10
19.713490985
20
1.813245771
10
19.547389555
20
1.812851363
10
19.381295135
20
1.812456954
10
19.215207727
20
1.812062545
10
19.049127330
20
1.811668136
10
18.883053944
20
1.811273727
10
18.716987569
20
1.810879318
10
18.550928206
20
1.810484909
10
18.384875853
20
1.810090501
10
18.218830511
20
1.809696092
10
18.052792181
20
1.809301683
10
17.886760861
20
1.808907274
10
17.720736553
20
1.808512865
10
17.554719256
20
1.808118456
10
17.388708970
20
1.807724047
10
17.222705694
20
1.807329639
10
17.056709430
20
1.806935230
10
16.890720177
20
1.806540821
10
16.724737936
20
1.806146412
10
16.558762705
20
1.805752003
10
16.392794485
20
1.805357594
10
16.226833276
20
1.804963185
10
16.060879079
20
1.804568776
10
15.894931892
20
1.804174368
10
15.728991717
20
1.803779959
10
15.563058553
20
1.803385550
10
15.397132399
20
1.802991141
10
15.231213257
20
1.802596732
10
15.065301126
20
1.802202323
10
14.899396006
20
1.801807914
10
14.733497897
20
1.801413506
10
14.567606799
20
1.801019097
10
14.401722713
20
1.800624688
10
14.235845637
20
1.800230279
10
14.069975572
20
1.799835870
10
13.904112519
20
1.799441461
10
13.738256476
20
1.799047052
10
13.572407445
20
1.798652643
10
13.406565425
20
1.798258235
10
13.240730416
20
1.797863826
10
13.074902418
20
1.797469417
0
LWPOLYLINE
100
AcDbEntity
8
COPPER_L1_TOP
100
AcDbPolyline
90
220
70
0
38
0.000000000
10
13.074902418
20
1.797469417
10
12.909081430
20
1.797075008
10
12.743267455
20
1.796680599
10
12.577460490
20
1.796286190
10
12.411660536
20
1.795891781
10
12.245867593
20
1.795497373
10
12.080081662
20
1.795102964
10
11.914302741
20
1.794708555
10
11.748530832
20
1.794314146
10
11.582765933
20
1.793919737
10
11.417008046
20
1.793525328
10
11.251257170
20
1.793130919
10
11.085513305
20
1.792736510
10
10.919776450
20
1.792342102
10
10.754046607
20
1.791947693
10
10.588323776
20
1.791553284
10
10.422607955
20
1.791158875
10
10.256899145
20
1.790764466
10
10.091197346
20
1.790370057
10
9.925502559
20
1.789975648
10
9.759814782
20
1.789581240
10
9.594134017
20
1.789186831
10
9.428460263
20
1.788792422
10
9.262793519
20
1.788398013
10
9.097133787
20
1.788003604
10
8.931481066
20
1.787609195
10
8.765835356
20
1.787214786
10
8.600196657
20
1.786820377
10
8.434564969
20
1.786425969
10
8.268940293
20
1.786031560
10
8.103322627
20
1.785637151
10
7.937711972
20
1.785242742
10
7.772108329
20
1.784848333
10
7.606511696
20
1.784453924
10
7.440922075
20
1.784059515
10
7.275339465
20
1.783665107
10
7.109763865
20
1.783270698
10
6.944195277
20
1.782876289
10
6.778633700
20
1.782481880
10
6.613079134
20
1.782087471
10
6.447531579
20
1.781693062
10
6.281991036
20
1.781298653
10
6.116457503
20
1.780904244
10
5.950930981
20
1.780509836
10
5.785411471
20
1.780115427
10
5.619898971
20
1.779721018
10
5.454393483
20
1.779326609
10
5.288895006
20
1.778932200
10
5.123403539
20
1.778537791
10
4.957919084
20
1.778143382
10
4.792441640
20
1.777748974
10
4.626971207
20
1.777354565
10
4.461507785
20
1.776960156
10
4.296051374
20
1.776565747
10
4.130601975
20
1.776171338
10
3.965159586
20
1.775776929
10
3.799724208
20
1.775382520
10
3.634295842
20
1.774988111
10
3.468874486
20
1.774593703
10
3.303460142
20
1.774199294
10
3.138052809
20
1.773804885
10
2.972652487
20
1.773410476
10
2.807259176
20
1.773016067
10
2.641872875
20
1.772621658
10
2.476493587
20
1.772227249
10
2.311121309
20
1.771832841
10
2.145756042
20
1.771438432
10
1.980397786
20
1.771044023
10
1.815046542
20
1.770649614
10
1.649702308
20
1.770255205
10
1.484365086
20
1.769860796
10
1.319034874
20
1.769466387
10
1.153711674
20
1.769071978
10
0.988395485
20
1.768677570
10
0.823086307
20
1.768283161
10
0.657784140
20
1.767888752
10
0.492488984
20
1.767494343
10
0.327200839
20
1.767099934
10
0.161919705
20
1.766705525
10
-0.003354418
20
1.766311116
10
-0.168621530
20
1.765916708
10
-0.333881630
20
1.765522299
10
-0.499134720
20
1.765127890
10
-0.664380798
20
1.764733481
10
-0.829619865
20
1.764339072
10
-0.994851922
20
1.763944663
10
-1.160076967
20
1.763550254
10
-1.325295001
20
1.763155845
10
-1.490506024
20
1.762761437
10
-1.655710036
20
1.762367028
10
-1.820907037
20
1.761972619
10
-1.986097026
20
1.761578210
10
-2.151280005
20
1.761183801
10
-2.316455973
20
1.760789392
10
-2.481624929
20
1.760394983
10
-2.646786875
20
1.760000575
10
-2.811941809
20
1.759606166
10
-2.977089732
20
1.759211757
10
-3.142230644
20
1.758817348
10
-3.307364546
20
1.758422939
10
-3.472491436
20
1.758028530
10
-3.637611315
20
1.757634121
10
-3.802724182
20
1.757239713
10
-3.967830039
20
1.756845304
10
-4.132928885
20
1.756450895
10
-4.298020720
20
1.756056486
10
-4.463105543
20
1.755662077
10
-4.628183356
20
1.755267668
10
-4.793254157
20
1.754873259
10
-4.958317947
20
1.754478850
10
-5.123374726
20
1.754084442
10
-5.288424495
20
1.753690033
10
-5.453467252
20
1.753295624
10
-5.618502998
20
1.752901215
10
-5.783531733
20
1.752506806
10
-5.948553456
20
1.752112397
10
-6.113568169
20
1.751717988
10
-6.278575871
20
1.751323580
10
-6.443576561
20
1.750929171
10
-6.608570241
20
1.750534762
10
-6.773556909
20
1.750140353
10
-6.938536567
20
1.749745944
10
-7.103509213
20
1.749351535
10
-7.268474848
20
1.748957126
10
-7.433433472
20
1.748562717
10
-7.598385085
20
1.748168309
10
-7.763329687
20
1.747773900
10
-7.928267278
20
1.747379491
10
-8.093197858
20
1.746985082
10
-8.258121426
20
1.746590673
10
-8.423037984
20
1.746196264
10
-8.587947531
20
1.745801855
10
-8.752850066
20
1.745407447
10
-8.917745590
20
1.745013038
10
-9.082634104
20
1.744618629
10
-9.247515606
20
1.744224220
10
-9.412390097
20
1.743829811
10
-9.577257577
20
1.743435402
10
-9.742118046
20
1.743040993
10
-9.906971504
20
1.742646584
10
-10.071817951
20
1.742252176
10
-10.236657386
20
1.741857767
10
-10.401489811
20
1.741463358
10
-10.566315225
20
1.741068949
10
-10.731133627
20
1.740674540
10
-10.895945019
20
1.740280131
10
-11.060749399
20
1.739885722
10
-11.225546768
20
1.739491314
10
-11.390337126
20
1.739096905
10
-11.555120473
20
1.738702496
10
-11.719896809
20
1.738308087
10
-11.884666134
20
1.737913678
10
-12.049428448
20
1.737519269
10
-12.214183751
20
1.737124860
10
-12.378932043
20
1.736730451
10
-12.543673323
20
1.736336043
10
-12.708407593
20
1.735941634
10
-12.873134851
20
1.735547225
10
-13.037855098
20
1.735152816
10
-13.202568335
20
1.734758407
10
-13.367274560
20
1.734363998
10
-13.531973774
20
1.733969589
10
-13.696665977
20
1.733575181
10
-13.861351169
20
1.733180772
10
-14.026029350
20
1.732786363
10
-14.190700520
20
1.732391954
10
-14.355364678
20
1.731997545
10
-14.520021826
20
1.731603136
10
-14.684671963
20
1.731208727
10
-14.849315088
20
1.730814318
10
-15.013951202
20
1.730419910
10
-15.178580306
20
1.730025501
10
-15.343202398
20
1.729631092
10
-15.507817479
20
1.729236683
10
-15.672425549
20
1.728842274
10
-15.837026608
20
1.728447865
10
-16.001620656
20
1.728053456
10
-16.166207693
20
1.727659048
10
-16.330787719
20
1.727264639
10
-16.495360733
20
1.726870230
10
-16.659926737
20
1.726475821
10
-16.824485729
20
1.726081412
10
-16.989037711
20
1.725687003
10
-17.153582681
20
1.725292594
10
-17.318120640
20
1.724898185
10
-17.482651588
20
1.724503777
10
-17.647175526
20
1.724109368
10
-17.811692452
20
1.723714959
10
-17.976202366
20
1.723320550
10
-18.140705270
20
1.722926141
10
-18.305201163
20
1.722531732
10
-18.469690045
20
1.722137323
10
-18.634171915
20
1.721742915
10
-18.798646775
20
1.721348506
10
-18.963114623
20
1.720954097
10
-19.127575461
20
1.720559688
10
-19.292029287
20
1.720165279
10
-19.456476102
20
1.719770870
10
-19.620915906
20
1.719376461
10
-19.785348699
20
1.718982052
10
-19.949774481
20
1.718587644
10
-20.114193252
20
1.718193235
10
-20.278605012
20
1.717798826
10
-20.443009761
20
1.717404417
10
-20.607407498
20
1.717010008
10
-20.771798225
20
1.716615599
10
-20.936181940
20
1.716221190
10
-21.100558645
20
1.715826782
10
-21.264928338
20
1.715432373
10
-21.429291020
20
1.715037964
10
-21.593646691
20
1.714643555
10
-21.757995352
20
1.714249146
10
-21.922337001
20
1.713854737
10
-22.086671638
20
1.713460328
10
-22.250999265
20
1.713065920
10
-22.415319881
20
1.712671511
10
-22.579633486
20
1.712277102
10
-22.743940079
20
1.711882693
10
-22.908239662
20
1.711488284
10
-23.072532233
20
1.711093875
0
LWPOLYLINE
100
AcDbEntity
8
COPPER_L1_TOP
100
AcDbPolyline
90
147
70
0
38
0.000000000
10
-23.072532233
20
1.711093875
10
-23.236817794
20
1.710699466
10
-23.401096343
20
1.710305057
10
-23.565367881
20
1.709910649
10
-23.729632408
20
1.709516240
10
-23.893889924
20
1.709121831
10
-24.058140429
20
1.708727422
10
-24.222383923
20
1.708333013
10
-24.386620406
20
1.707938604
10
-24.550849877
20
1.707544195
10
-24.715072338
20
1.707149787
10
-24.879287788
20
1.706755378
10
-25.043496226
20
1.706360969
10
-25.207697653
20
1.705966560
10
-25.371892070
20
1.705572151
10
-25.536079475
20
1.705177742
10
-25.700259869
20
1.704783333
10
-25.864433252
20
1.704388924
10
-26.028599624
20
1.703994516
10
-26.192758985
20
1.703600107
10
-26.356911335
20
1.703205698
10
-26.521056674
20
1.702811289
10
-26.685195001
20
1.702416880
10
-26.849326318
20
1.702022471
10
-27.013450623
20
1.701628062
10
-27.177567918
20
1.701233654
10
-27.341678201
20
1.700839245
10
-27.505781473
20
1.700444836
10
-27.669877734
20
1.700050427
10
-27.833966985
20
1.699656018
10
-27.998049224
20
1.699261609
10
-28.162124451
20
1.698867200
10
-28.326192668
20
1.698472791
10
-28.490253874
20
1.698078383
10
-28.654308069
20
1.697683974
10
-28.818355252
20
1.697289565
10
-28.982395425
20
1.696895156
10
-29.146428586
20
1.696500747
10
-29.310454737
20
1.696106338
10
-29.474473876
20
1.695711929
10
-29.638486004
20
1.695317521
10
-29.802491121
20
1.694923112
10
-29.966489227
20
1.694528703
10
-30.130480322
20
1.694134294
10
-30.294464406
20
1.693739885
10
-30.458441479
20
1.693345476
10
-30.622411541
20
1.692951067
10
-30.786374591
20
1.692556658
10
-30.950330631
20
1.692162250
10
-31.114279659
20
1.691767841
10
-31.278221677
20
1.691373432
10
-31.442156683
20
1.690979023
10
-31.606084678
20
1.690584614
10
-31.770005662
20
1.690190205
10
-31.933919635
20
1.689795796
10
-32.097826597
20
1.689401388
10
-32.261726548
20
1.689006979
10
-32.425619488
20
1.688612570
10
-32.589505417
20
1.688218161
10
-32.753384335
20
1.687823752
10
-32.917256241
20
1.687429343
10
-33.081121137
20
1.687034934
10
-33.244979021
20
1.686640525
10
-33.408829894
20
1.686246117
10
-33.572673757
20
1.685851708
10
-33.736510608
20
1.685457299
10
-33.900340448
20
1.685062890
10
-34.064163277
20
1.684668481
10
-34.227979095
20
1.684274072
10
-34.391787902
20
1.683879663
10
-34.555589698
20
1.683485255
10
-34.719384482
20
1.683090846
10
-34.883172256
20
1.682696295
10
-35.045793061
20
1.665418036
10
-35.201546174
20
1.615277372
10
-35.343880364
20
1.534365885
10
-35.466808815
20
1.426065779
10
-35.565160126
20
1.294907598
10
-35.634795014
20
1.146379825
10
-35.672779635
20
0.986698378
10
-35.679541166
20
0.822497347
10
-35.679146757
20
0.657983856
10
-35.678767983
20
0.499998563
10
-35.678582685
20
0.487533626
10
-35.678086684
20
0.475077184
10
-35.677280291
20
0.462636978
10
-35.676164005
20
0.450220744
10
-35.674738520
20
0.437836198
10
-35.673004724
20
0.425491040
10
-35.670963693
20
0.413192943
10
-35.668616696
20
0.400949554
10
-35.665965193
20
0.388768482
10
-35.663010832
20
0.376657300
10
-35.659755448
20
0.364623537
10
-35.656201067
20
0.352674673
10
-35.652349896
20
0.340818136
10
-35.648204331
20
0.329061297
10
-35.643766949
20
0.317411464
10
-35.639040507
20
0.305875878
10
-35.634027944
20
0.294461712
10
-35.628732377
20
0.283176060
10
-35.623157096
20
0.272025938
10
-35.617305567
20
0.261018277
10
-35.611181429
20
0.250159921
10
-35.604788488
20
0.239457618
10
-35.598130719
20
0.228918022
10
-35.591212259
20
0.218547685
10
-35.584037410
20
0.208353053
10
-35.576610632
20
0.198340463
10
-35.568936541
20
0.188516141
10
-35.561019909
20
0.178886192
10
-35.552865656
20
0.169456604
10
-35.544478851
20
0.160233238
10
-35.535864708
20
0.151221827
10
-35.527028582
20
0.142427974
10
-35.517975966
20
0.133857144
10
-35.508712486
20
0.125514667
10
-35.499243902
20
0.117405728
10
-35.489576100
20
0.109535367
10
-35.479715089
20
0.101908478
10
-35.469666999
20
0.094529801
10
-35.459438077
20
0.087403923
10
-35.449034682
20
0.080535274
10
-35.438463279
20
0.073928124
10
-35.427730442
20
0.067586580
10
-35.416842842
20
0.061514584
10
-35.405807246
20
0.055715911
10
-35.394630516
20
0.050194165
10
-35.383319599
20
0.044952778
10
-35.371881526
20
0.039995010
10
-35.360323407
20
0.035323942
10
-35.348652428
20
0.030942478
10
-35.336875844
20
0.026853341
10
-35.325000975
20
0.023059074
10
-35.313035203
20
0.019562034
10
-35.300985967
20
0.016364396
10
-35.288860757
20
0.013468148
10
-35.276667110
20
0.010875090
10
-35.264412606
20
0.008586834
10
-35.252104863
20
0.006604803
10
-35.239751533
20
0.004930228
10
-35.227360293
20
0.003564151
10
-35.214938848
20
0.002507420
10
-35.202494919
20
0.001760693
10
-35.190036241
20
0.001324434
10
-35.177570559
20
0.001198914
10
-34.877571421
20
0.001918262
0
ENDSEC
0
EOF
